study_name	BioProject	sample_id	NCBI_accession	uuid
WallenZD_2022	PRJNA834801	SAMN28061624	SRR19064454	f98b59d8-fc8d-49c2-a9dc-da64d5b16264
WallenZD_2022	PRJNA834801	SAMN28061625	SRR19064453	2b8ca99d-1bee-4aee-9c7b-6385eadae001
WallenZD_2022	PRJNA834801	SAMN28061626	SRR19064653	b233da50-3694-49b1-9afd-79f1302334ce
WallenZD_2022	PRJNA834801	SAMN28061627	SRR19064624	5c3c19cf-8b2f-401f-a4f8-7e04ffba7840
WallenZD_2022	PRJNA834801	SAMN28061628	SRR19064809	faa9efc9-a39d-42b8-82b7-ce6e10268a52
WallenZD_2022	PRJNA834801	SAMN28061629	SRR19064762	ccab7744-e6d7-4049-a1b7-caf32dcca346
WallenZD_2022	PRJNA834801	SAMN28061630	SRR19064747	281b3ccd-7e09-41b9-a34c-77334f74988b
WallenZD_2022	PRJNA834801	SAMN28061631	SRR19064990	331d45a2-69a8-47b6-aff5-7c772e2df96b
WallenZD_2022	PRJNA834801	SAMN28061632	SRR19064705	ee8e50aa-9e02-422f-ba22-c748b5cfe9b0
WallenZD_2022	PRJNA834801	SAMN28061633	SRR19064946	8c38bb62-42fb-4a2e-9f98-022218ef098e
WallenZD_2022	PRJNA834801	SAMN28061634	SRR19064391	a075c481-ab0a-4dd7-a73e-9cf874111eee
WallenZD_2022	PRJNA834801	SAMN28061635	SRR19064379	9ae1fb55-30bb-4288-9040-b22ee9988517
WallenZD_2022	PRJNA834801	SAMN28061636	SRR19064701	dcce5e8b-ea2e-4593-890d-02e8067ef912
WallenZD_2022	PRJNA834801	SAMN28061637	SRR19064690	4119c7f0-625b-4ad1-adc1-39251e9381a9
WallenZD_2022	PRJNA834801	SAMN28061638	SRR19064450	5283ed78-e5f2-40b6-89d4-911887856482
WallenZD_2022	PRJNA834801	SAMN28061639	SRR19064439	f1ed9584-5f84-444c-89df-6492afd98ad5
WallenZD_2022	PRJNA834801	SAMN28061640	SRR19064931	90406b61-614e-41fe-8771-9259f8fe32ed
WallenZD_2022	PRJNA834801	SAMN28061641	SRR19064920	fbedb54d-5a25-49fa-9483-f8a92f365343
WallenZD_2022	PRJNA834801	SAMN28061642	SRR19064675	0250ef15-7d45-4375-a070-ddaf4b01514b
WallenZD_2022	PRJNA834801	SAMN28061643	SRR19064664	4c1d920d-1d0d-4016-a9c2-83377a8e5fd9
WallenZD_2022	PRJNA834801	SAMN28061644	SRR19064652	a4faa735-b5d2-4744-87a7-0b607ad0477a
WallenZD_2022	PRJNA834801	SAMN28061645	SRR19064915	bbb41ca4-dc53-4ac6-aa96-70a6d1e1fa17
WallenZD_2022	PRJNA834801	SAMN28061646	SRR19064904	84bdceca-c393-4108-85ff-d27578828509
WallenZD_2022	PRJNA834801	SAMN28061647	SRR19064893	04b8e589-8532-47bb-944b-fdf709d98a8a
WallenZD_2022	PRJNA834801	SAMN28061648	SRR19064882	2cdffcc6-55ff-4b7f-8ad0-e65a26fb1985
WallenZD_2022	PRJNA834801	SAMN28061649	SRR19064870	36bee8fc-f2d6-4d2e-85d6-291d12bd199e
WallenZD_2022	PRJNA834801	SAMN28061650	SRR19064860	306729dc-9c7b-4e2c-9bd2-44303dfc74ad
WallenZD_2022	PRJNA834801	SAMN28061651	SRR19064428	7434f909-bbc5-49b9-9e60-7f127631a30e
WallenZD_2022	PRJNA834801	SAMN28061652	SRR19064416	e501d71f-6d99-47f6-8856-cedd7d8715a6
WallenZD_2022	PRJNA834801	SAMN28061653	SRR19064635	7c1772aa-a3a4-4e03-ac72-132992f7fee8
WallenZD_2022	PRJNA834801	SAMN28061654	SRR19064623	489f269d-db3c-4ec0-8f3f-28151cce1c03
WallenZD_2022	PRJNA834801	SAMN28061655	SRR19064403	02696167-c6cf-40bf-a44a-b0d28983221e
WallenZD_2022	PRJNA834801	SAMN28061656	SRR19064393	b80f30be-316c-41a6-a550-6ba84688cb30
WallenZD_2022	PRJNA834801	SAMN28061657	SRR19064610	a9c07537-c726-46d5-a7a1-1378ff803c02
WallenZD_2022	PRJNA834801	SAMN28061658	SRR19064600	72943548-3fed-4c77-ae09-252eccfd12ed
WallenZD_2022	PRJNA834801	SAMN28061659	SRR19064842	6d3e02a8-7b1e-4f91-acfb-64f38aa601d3
WallenZD_2022	PRJNA834801	SAMN28061660	SRR19064832	cb613bcf-938d-45cb-b1f9-974d0efc4f91
WallenZD_2022	PRJNA834801	SAMN28061661	SRR19064820	b8f2bf7b-76cf-49f4-9d2a-833514e9d2cc
WallenZD_2022	PRJNA834801	SAMN28061662	SRR19064599	69c75899-75a5-41ff-a432-77dc8a7ae14a
WallenZD_2022	PRJNA834801	SAMN28061663	SRR19064588	4cd0e09d-e685-4ca2-902b-1c20b1468e41
WallenZD_2022	PRJNA834801	SAMN28061664	SRR19064579	7c67c46a-f1bc-4bee-8590-924b7a8b88b6
WallenZD_2022	PRJNA834801	SAMN28061665	SRR19064798	9f037e5e-5a47-4c73-9e15-062085273101
WallenZD_2022	PRJNA834801	SAMN28061666	SRR19064365	e5fa3745-80af-42ec-8fdc-571e77a91587
WallenZD_2022	PRJNA834801	SAMN28061667	SRR19064355	b2b9e05a-8765-4913-afc5-6dcfef665707
WallenZD_2022	PRJNA834801	SAMN28061668	SRR19064787	42960381-8cca-4118-aa1d-db6e090a9cf3
WallenZD_2022	PRJNA834801	SAMN28061669	SRR19064775	b539d73e-ad85-48d8-8fe9-8de003a2c20b
WallenZD_2022	PRJNA834801	SAMN28061670	SRR19064574	b57dd3d1-413b-4f5d-a4cf-284f75b36887
WallenZD_2022	PRJNA834801	SAMN28061671	SRR19064562	9f1472ae-6d68-4201-8e1e-e7bb1972ac4e
WallenZD_2022	PRJNA834801	SAMN28061672	SRR19064530	0c93625a-0d50-4fb4-8da9-342bdc27f2c5
WallenZD_2022	PRJNA834801	SAMN28061673	SRR19064519	8d394491-7ae2-4fae-be01-8e68a19ccf41
WallenZD_2022	PRJNA834801	SAMN28061674	SRR19064761	1ed3b66a-7938-4c49-83e8-17e5997e88a9
WallenZD_2022	PRJNA834801	SAMN28061675	SRR19065038	9b9994c5-bd92-44dc-acd9-d981e92aa4ca
WallenZD_2022	PRJNA834801	SAMN28061676	SRR19064338	464975f2-c836-43ca-8172-458fdd615300
WallenZD_2022	PRJNA834801	SAMN28061677	SRR19064557	f903b812-3fb1-4dbc-82d3-edf5862b1f6c
WallenZD_2022	PRJNA834801	SAMN28061678	SRR19064546	7773146d-765f-4f4c-a54b-ae7396109226
WallenZD_2022	PRJNA834801	SAMN28061679	SRR19064513	b1ff67dc-20a5-4505-9430-7f69137c1dd4
WallenZD_2022	PRJNA834801	SAMN28061680	SRR19064502	b4fc7a34-15d1-4980-9e82-70b0dfa63699
WallenZD_2022	PRJNA834801	SAMN28061681	SRR19065033	35c70374-c58a-477e-aaa1-17bd6e373e8d
WallenZD_2022	PRJNA834801	SAMN28061682	SRR19065022	0759ead5-68f1-4158-ac8d-b0296971fc1e
WallenZD_2022	PRJNA834801	SAMN28061683	SRR19064322	d6ce967f-0fdf-48a3-a8db-c6012fa8650c
WallenZD_2022	PRJNA834801	SAMN28061684	SRR19064746	8622b22c-9b6e-4159-95e4-77a6c9063f7f
WallenZD_2022	PRJNA834801	SAMN28061685	SRR19064969	0825d8e5-bd94-4368-a386-4a1e8d02d3ad
WallenZD_2022	PRJNA834801	SAMN28061686	SRR19064958	c5c2dfed-d9c8-41ec-8e0c-87f8b6cb1128
WallenZD_2022	PRJNA834801	SAMN28061687	SRR19064485	8c577282-263b-4e3c-890a-b217ec04c614
WallenZD_2022	PRJNA834801	SAMN28061688	SRR19065016	456d14cf-d2c6-4e48-9f1b-b205de391c55
WallenZD_2022	PRJNA834801	SAMN28061689	SRR19065005	f14adc8e-7609-4d93-8120-71bf26e47f71
WallenZD_2022	PRJNA834801	SAMN28061690	SRR19064741	2800e4a0-218a-48fb-bdbe-7351424dddeb
WallenZD_2022	PRJNA834801	SAMN28061691	SRR19064730	b6ddf238-ccfb-4394-8015-21d58c097852
WallenZD_2022	PRJNA834801	SAMN28061692	SRR19064471	ce8af2e2-0979-45c5-a2a8-491ec6a56775
WallenZD_2022	PRJNA834801	SAMN28061693	SRR19064460	73d54468-5e48-4284-9884-a246bbcb57d8
WallenZD_2022	PRJNA834801	SAMN28061694	SRR19064989	5ea18433-4c4f-4498-b2d9-b042098382b6
WallenZD_2022	PRJNA834801	SAMN28061695	SRR19064978	fbbd40f6-7322-4915-93d0-b9b8fef305de
WallenZD_2022	PRJNA834801	SAMN28061696	SRR19064715	9bb66e2f-2b90-494a-8399-b56f19580391
WallenZD_2022	PRJNA834801	SAMN28061697	SRR19064709	dbe109eb-239e-4305-9cbb-6991508217ac
WallenZD_2022	PRJNA834801	SAMN28061698	SRR19064708	f555837e-f113-4b34-ad1e-027d3829e3a2
WallenZD_2022	PRJNA834801	SAMN28061699	SRR19064707	a19cfb73-56a4-40ae-9cb1-20bae8f491d9
WallenZD_2022	PRJNA834801	SAMN28061700	SRR19064706	b1de4167-c937-4486-9245-9620bb7680d5
WallenZD_2022	PRJNA834801	SAMN28061701	SRR19064704	75a71606-7e7f-4928-aae3-8d83dc6fd1df
WallenZD_2022	PRJNA834801	SAMN28061702	SRR19064703	f3f7b856-f26e-461a-b269-3bf20ad217b3
WallenZD_2022	PRJNA834801	SAMN28061703	SRR19064702	ea7a67d0-b190-4cfd-a2f1-524d31a14802
WallenZD_2022	PRJNA834801	SAMN28061704	SRR19064956	3cd33059-aeb4-42f3-ab51-345009b64899
WallenZD_2022	PRJNA834801	SAMN28061705	SRR19064955	e62a27f2-49ec-47df-a7ed-87eb5c377677
WallenZD_2022	PRJNA834801	SAMN28061706	SRR19064954	ffc987f2-8a31-4cd0-ab92-0fb4ad2d2ea9
WallenZD_2022	PRJNA834801	SAMN28061707	SRR19064953	c2c285ec-9e4f-4d1f-8d3b-e8a437f866c4
WallenZD_2022	PRJNA834801	SAMN28061708	SRR19064951	cdd6fba8-d8b8-4b29-b2c5-b2ba694552dd
WallenZD_2022	PRJNA834801	SAMN28061709	SRR19064950	1a2a74c8-ef78-4828-b2f4-8ab2de7ad099
WallenZD_2022	PRJNA834801	SAMN28061710	SRR19064949	3efeebc0-9be6-4bea-8c11-31911e880e6d
WallenZD_2022	PRJNA834801	SAMN28061711	SRR19064952	82af1130-6fdb-45a1-a26e-4c8ae2c9de92
WallenZD_2022	PRJNA834801	SAMN28061712	SRR19064948	301e5c1e-99a0-4729-8375-c059eb6cab59
WallenZD_2022	PRJNA834801	SAMN28061713	SRR19064947	8e2cdba1-0432-4a0f-b391-9f039e404b8c
WallenZD_2022	PRJNA834801	SAMN28061714	SRR19064945	30fd02c0-d878-4ef2-be56-6f06c0f99d23
WallenZD_2022	PRJNA834801	SAMN28061715	SRR19064943	b98a8568-3199-4edd-924f-c75b1ac9bc80
WallenZD_2022	PRJNA834801	SAMN28061716	SRR19064942	adbd3e38-0360-45a0-a0c8-3ff1e015576e
WallenZD_2022	PRJNA834801	SAMN28061717	SRR19064941	2eb05baa-ce22-4c31-991b-a4c73e9da2f9
WallenZD_2022	PRJNA834801	SAMN28061718	SRR19064944	0fcc4051-192a-4459-ac2a-2479dc62b136
WallenZD_2022	PRJNA834801	SAMN28061719	SRR19064940	0bc0c6c0-ec24-4785-b5f4-a04224eaa20e
WallenZD_2022	PRJNA834801	SAMN28061720	SRR19064939	e94db435-0a3b-49de-a771-025b28465ee8
WallenZD_2022	PRJNA834801	SAMN28061721	SRR19064938	c8522308-1e2a-4908-800e-56f0a20b078c
WallenZD_2022	PRJNA834801	SAMN28061722	SRR19064937	39399037-a2ff-45c7-b5bd-49e36908de46
WallenZD_2022	PRJNA834801	SAMN28061723	SRR19064935	f4e3ecf1-7ee9-4c67-9034-a8c9c24eb3de
WallenZD_2022	PRJNA834801	SAMN28061724	SRR19064390	80e46de9-6c55-45c3-bd7f-82879f7edaf0
WallenZD_2022	PRJNA834801	SAMN28061725	SRR19064388	be2c77aa-108f-4e20-8066-df45b372d719
WallenZD_2022	PRJNA834801	SAMN28061726	SRR19064387	672e7f72-7bf4-4e54-a6b9-3c36d5b65508
WallenZD_2022	PRJNA834801	SAMN28061727	SRR19064386	2c190f8f-efe0-4bba-b19b-fa955854ee16
WallenZD_2022	PRJNA834801	SAMN28061728	SRR19064389	f6c0ce9b-0f92-41bc-85cb-be4c6f6b8eca
WallenZD_2022	PRJNA834801	SAMN28061729	SRR19064385	e526f6b9-755c-466a-af15-b7c0e2f8d086
WallenZD_2022	PRJNA834801	SAMN28061730	SRR19064384	a5760d3c-c93d-430e-9437-b6210bb0d866
WallenZD_2022	PRJNA834801	SAMN28061731	SRR19064383	3ff836b8-25e1-42c4-b101-df8d8073c5ca
WallenZD_2022	PRJNA834801	SAMN28061732	SRR19064382	c271830e-60a8-470f-9bb2-f0ad4683e867
WallenZD_2022	PRJNA834801	SAMN28061733	SRR19064380	913057bd-7d46-42fb-8988-0a5051518d9c
WallenZD_2022	PRJNA834801	SAMN28061734	SRR19064378	764f0c15-bb4b-4e64-be63-c62923344505
WallenZD_2022	PRJNA834801	SAMN28061735	SRR19064381	f721fd7f-135f-4ed0-aae3-4523e79900c0
WallenZD_2022	PRJNA834801	SAMN28061736	SRR19064377	3274e273-0068-48d6-af47-b629be02a690
WallenZD_2022	PRJNA834801	SAMN28061737	SRR19064376	f950cc16-3758-4cef-9f0b-088cd0ddb586
WallenZD_2022	PRJNA834801	SAMN28061738	SRR19064375	b26d8d28-33ef-4261-84f6-898b83fecf59
WallenZD_2022	PRJNA834801	SAMN28061739	SRR19064374	15be0832-981c-4a47-b347-d6d096a9afcd
WallenZD_2022	PRJNA834801	SAMN28061740	SRR19064372	0b5d22a1-b70e-4111-9938-9fb368cd3847
WallenZD_2022	PRJNA834801	SAMN28061741	SRR19064371	a2ba94a4-8fe3-49cb-b285-1076b172eac9
WallenZD_2022	PRJNA834801	SAMN28061742	SRR19064370	50cb9272-4486-439c-bf3b-9d61fd731df6
WallenZD_2022	PRJNA834801	SAMN28061743	SRR19064373	00d25afd-d151-4332-b2d2-da05f15c4097
WallenZD_2022	PRJNA834801	SAMN28061744	SRR19064700	0826967a-c14d-4a86-a3b0-3c25b4fb6f3c
WallenZD_2022	PRJNA834801	SAMN28061745	SRR19064699	7caef667-93db-4e22-b807-7f698d40f5cf
WallenZD_2022	PRJNA834801	SAMN28061746	SRR19064698	c246a921-3d0f-4adf-a90b-4f1f2438d924
WallenZD_2022	PRJNA834801	SAMN28061747	SRR19064696	7da33dd8-360f-4e43-8a9c-0a73e8590646
WallenZD_2022	PRJNA834801	SAMN28061748	SRR19064695	e0bd00b5-e3f9-4ccb-95d1-d288aea05d34
WallenZD_2022	PRJNA834801	SAMN28061749	SRR19064694	115a4492-81d7-4cb3-ab38-3fb33bd3f056
WallenZD_2022	PRJNA834801	SAMN28061750	SRR19064697	441119d0-f92a-49c3-9f95-60d66e4bb4c4
WallenZD_2022	PRJNA834801	SAMN28061751	SRR19064693	bc036bdd-0b5e-4b90-b5f4-5d6772147e06
WallenZD_2022	PRJNA834801	SAMN28061752	SRR19064692	4355a44c-775c-46e1-a801-60bddc8a89fc
WallenZD_2022	PRJNA834801	SAMN28061753	SRR19064691	d5ebe4d8-fc5f-4bee-8e28-e634d1bb21f9
WallenZD_2022	PRJNA834801	SAMN28061754	SRR19064689	02da2f2d-b7c9-4a56-a5c9-ade6b1d89de2
WallenZD_2022	PRJNA834801	SAMN28061755	SRR19064688	247dc4fc-91be-4bb9-864e-dea125b1706c
WallenZD_2022	PRJNA834801	SAMN28061756	SRR19064687	81eecd1c-5791-4b4b-bd7e-692bdd76f829
WallenZD_2022	PRJNA834801	SAMN28061757	SRR19064686	a17296e8-56c6-4b0b-b4e1-a2a90c46ebc4
WallenZD_2022	PRJNA834801	SAMN28061758	SRR19064685	a3638dde-4ed8-4e32-aeec-54a9a717154a
WallenZD_2022	PRJNA834801	SAMN28061759	SRR19064684	9397045c-66e5-4545-99c5-75212d08c15a
WallenZD_2022	PRJNA834801	SAMN28061760	SRR19064683	f9651f45-02bc-4ec9-9267-2b20b318086b
WallenZD_2022	PRJNA834801	SAMN28061761	SRR19064682	1f742eca-3dd1-4c48-a9e1-31b03ba7d52d
WallenZD_2022	PRJNA834801	SAMN28061762	SRR19064452	edcb8d0b-edd7-477b-85fa-54167661e75c
WallenZD_2022	PRJNA834801	SAMN28061763	SRR19064451	67b55e5e-1956-43e4-b390-60356b566a61
WallenZD_2022	PRJNA834801	SAMN28061764	SRR19064449	0f1a2929-6556-480d-a8d8-d479f3182ec7
WallenZD_2022	PRJNA834801	SAMN28061765	SRR19064448	9e0bdc94-93a9-4505-8e09-cdf5f49dd9bf
WallenZD_2022	PRJNA834801	SAMN28061766	SRR19064447	ff016d5b-b8a2-4a93-a50f-3614a3e5f5a4
WallenZD_2022	PRJNA834801	SAMN28061767	SRR19064446	7649d75b-40b0-4d60-abd6-98f55dde9d84
WallenZD_2022	PRJNA834801	SAMN28061768	SRR19064445	e05d9178-cb0a-4d8a-8fd6-eea0aeabc5d8
WallenZD_2022	PRJNA834801	SAMN28061769	SRR19064444	e6185658-aaca-453b-aaa0-b6e0c5d18a02
WallenZD_2022	PRJNA834801	SAMN28061770	SRR19064443	19d69b1c-191f-4ac9-8c44-7816f24df3f9
WallenZD_2022	PRJNA834801	SAMN28061771	SRR19064442	e96a90be-69b3-4f9f-9548-1f7218fbc0a2
WallenZD_2022	PRJNA834801	SAMN28061772	SRR19064441	7cf014e3-1766-4c58-b306-6cea0850eb93
WallenZD_2022	PRJNA834801	SAMN28061773	SRR19064440	664b2e76-7e85-4cbe-ab71-1fa45602d028
WallenZD_2022	PRJNA834801	SAMN28061774	SRR19064438	40310191-f56f-40e5-8847-fc315d131dce
WallenZD_2022	PRJNA834801	SAMN28061775	SRR19064437	ebd6939e-f196-4128-b903-fc7ba4665327
WallenZD_2022	PRJNA834801	SAMN28061776	SRR19064436	8d81a084-069e-4576-8f5c-4f7da03869b7
WallenZD_2022	PRJNA834801	SAMN28061777	SRR19064435	943631a1-286e-4b32-8047-46417ee47641
WallenZD_2022	PRJNA834801	SAMN28061778	SRR19064434	8e847bb7-4eca-4e0c-a1dd-183a0566aa68
WallenZD_2022	PRJNA834801	SAMN28061779	SRR19064433	ae03cfa0-0781-4542-a94d-4ed82988c205
WallenZD_2022	PRJNA834801	SAMN28061780	SRR19064936	e35209b7-4837-42e3-acd6-0419df3db05c
WallenZD_2022	PRJNA834801	SAMN28061781	SRR19064934	113effac-9436-4967-9da5-8005e3c55bcc
WallenZD_2022	PRJNA834801	SAMN28061782	SRR19064933	060a83c8-b5ac-4c67-960e-3805b017433c
WallenZD_2022	PRJNA834801	SAMN28061783	SRR19064932	c5f5c1ac-c5f3-4862-85a7-599693fc0c14
WallenZD_2022	PRJNA834801	SAMN28061784	SRR19064930	2152760b-6e16-4bd0-b526-b92ef03c6de5
WallenZD_2022	PRJNA834801	SAMN28061785	SRR19064929	babf26ab-2440-4e68-8bb7-e8f2b858e539
WallenZD_2022	PRJNA834801	SAMN28061786	SRR19064928	7cec103e-43a0-46fc-be2c-88d7feed4119
WallenZD_2022	PRJNA834801	SAMN28061787	SRR19064927	76ebd261-345f-4ffc-ad36-1291556b8443
WallenZD_2022	PRJNA834801	SAMN28061788	SRR19064926	29890fae-dd5b-4118-8e8b-ab793094160f
WallenZD_2022	PRJNA834801	SAMN28061789	SRR19064925	19f0442d-1992-499e-95cb-aa32d5c52c6e
WallenZD_2022	PRJNA834801	SAMN28061790	SRR19064924	0b986b62-0999-4111-94de-d56209d0d5fe
WallenZD_2022	PRJNA834801	SAMN28061791	SRR19064923	08512cd9-2abd-43f2-9944-b03d6bd22954
WallenZD_2022	PRJNA834801	SAMN28061792	SRR19064922	7f6dca77-f7d0-49af-b54a-de285d62de5e
WallenZD_2022	PRJNA834801	SAMN28061793	SRR19064921	129fe458-844d-45c5-b535-d60e909d04b3
WallenZD_2022	PRJNA834801	SAMN28061794	SRR19064919	d3df5af1-8a50-4078-a173-5b29073ba9cd
WallenZD_2022	PRJNA834801	SAMN28061795	SRR19064918	a759e0b9-f41b-4cdd-904f-b343c3cc8bc4
WallenZD_2022	PRJNA834801	SAMN28061796	SRR19064917	0000b445-e688-42ce-bb8a-bdc53e7c999b
WallenZD_2022	PRJNA834801	SAMN28061797	SRR19064916	1ae1bbee-808d-45ac-a6dc-396647969315
WallenZD_2022	PRJNA834801	SAMN28061798	SRR19064681	acf80268-4f46-41c0-b32f-96f7ff0fe79a
WallenZD_2022	PRJNA834801	SAMN28061799	SRR19064680	51301664-7c29-463f-8c5f-c5e50c3f019e
WallenZD_2022	PRJNA834801	SAMN28061800	SRR19064679	abc32008-39a0-4336-8a49-79adb69b044c
WallenZD_2022	PRJNA834801	SAMN28061801	SRR19064678	6b937d3d-8415-4bf8-b1b2-019db67f1c9c
WallenZD_2022	PRJNA834801	SAMN28061802	SRR19064677	4e023360-a3ca-4778-9339-2e26b06d2a2d
WallenZD_2022	PRJNA834801	SAMN28061803	SRR19064676	a0efa228-d8dc-4195-a384-47091d4057df
WallenZD_2022	PRJNA834801	SAMN28061804	SRR19064674	5bb0c08e-6c32-4d4b-abf2-9d771a5c2561
WallenZD_2022	PRJNA834801	SAMN28061805	SRR19064673	dcd884fd-3543-482d-8b8e-0a75dc31b300
WallenZD_2022	PRJNA834801	SAMN28061806	SRR19064672	a6bba01d-3435-41c3-aff1-b96e26cbd8bd
WallenZD_2022	PRJNA834801	SAMN28061807	SRR19064671	db4829da-abac-43a2-841c-d9782822afeb
WallenZD_2022	PRJNA834801	SAMN28061808	SRR19064670	dff6c19c-3737-4ffb-bb5a-d2b9d7b1b899
WallenZD_2022	PRJNA834801	SAMN28061809	SRR19064669	713399d5-3fe0-4c35-9c21-9c7f3ee266f4
WallenZD_2022	PRJNA834801	SAMN28061810	SRR19064668	7313ee36-309e-4931-adcc-862f9e4a673b
WallenZD_2022	PRJNA834801	SAMN28061811	SRR19064667	2760f87a-7256-4a26-a10f-e53291a17604
WallenZD_2022	PRJNA834801	SAMN28061812	SRR19064666	65ff3b30-1b15-487b-8fa8-6db718e74628
WallenZD_2022	PRJNA834801	SAMN28061813	SRR19064665	4ca92104-41c1-43fe-a760-414d980d5b3f
WallenZD_2022	PRJNA834801	SAMN28061814	SRR19064663	52ab359b-5629-4c56-b1e6-bb1070e7a15d
WallenZD_2022	PRJNA834801	SAMN28061815	SRR19064662	01b981af-f59b-47d1-84f3-3831a0e277b7
WallenZD_2022	PRJNA834801	SAMN28061816	SRR19064661	1a47e657-6a1b-4328-9a71-cbe08068f05b
WallenZD_2022	PRJNA834801	SAMN28061817	SRR19064660	daee7aed-2c4c-4f3c-87ea-42abdbed0c05
WallenZD_2022	PRJNA834801	SAMN28061818	SRR19064659	ee2fe355-8385-4dea-a03e-10a10515bcda
WallenZD_2022	PRJNA834801	SAMN28061819	SRR19064658	89c290f1-fd2e-4b69-9027-66e6577d4a67
WallenZD_2022	PRJNA834801	SAMN28061820	SRR19064657	5a2c470e-97be-470c-b233-60a8650e9d97
WallenZD_2022	PRJNA834801	SAMN28061821	SRR19064656	9736b08a-289e-4fc6-870b-44a6c2254177
WallenZD_2022	PRJNA834801	SAMN28061822	SRR19064655	06f3377d-36a1-47bd-a2b8-3c407dda576c
WallenZD_2022	PRJNA834801	SAMN28061823	SRR19064654	6dfa69af-bf98-4a5c-81d5-aebf15cfcd58
WallenZD_2022	PRJNA834801	SAMN28061824	SRR19064651	9f75e86f-483e-4537-b343-1e02e00cf966
WallenZD_2022	PRJNA834801	SAMN28061825	SRR19064650	9977400a-bd5c-446b-82f9-f18a3009ca49
WallenZD_2022	PRJNA834801	SAMN28061826	SRR19064649	a359168f-472b-4dfa-9ac7-e93fd35e0925
WallenZD_2022	PRJNA834801	SAMN28061827	SRR19064648	e1b30a26-7d0e-4d9c-84ed-7bb4dc5b3542
WallenZD_2022	PRJNA834801	SAMN28061828	SRR19064647	d9be3e49-424a-42db-8993-213e97be88d2
WallenZD_2022	PRJNA834801	SAMN28061829	SRR19064646	a82d54d5-b9ba-49a7-bfd3-2a0060cff6c0
WallenZD_2022	PRJNA834801	SAMN28061830	SRR19064645	c9c7a0c4-9f95-46e2-8fd0-a69c115701b3
WallenZD_2022	PRJNA834801	SAMN28061831	SRR19064644	40a29d6a-753d-4318-8768-a495f36d7e2a
WallenZD_2022	PRJNA834801	SAMN28061832	SRR19064643	ffa2af4f-5200-4b9d-9f73-2db5b0abf2a3
WallenZD_2022	PRJNA834801	SAMN28061833	SRR19064642	1af664e1-76fb-46ec-bfdb-c5b58c15a303
WallenZD_2022	PRJNA834801	SAMN28061834	SRR19064914	1347e6fc-292d-4e05-a47e-bd1d59571cf4
WallenZD_2022	PRJNA834801	SAMN28061835	SRR19064913	a819df15-2d9d-4638-9a39-94d795dcf593
WallenZD_2022	PRJNA834801	SAMN28061836	SRR19064912	d1cfa8bf-024f-4695-899d-c105f50206ac
WallenZD_2022	PRJNA834801	SAMN28061837	SRR19064911	b712858f-15f5-4b67-89fa-3cef4f32a733
WallenZD_2022	PRJNA834801	SAMN28061838	SRR19064910	f1d034f0-7008-43de-850c-5604fd83a5c2
WallenZD_2022	PRJNA834801	SAMN28061839	SRR19064909	e13ebc23-bc65-4446-b187-a2721567d8be
WallenZD_2022	PRJNA834801	SAMN28061840	SRR19064908	f89b234e-8e14-47fe-9d3e-9d6058e5560d
WallenZD_2022	PRJNA834801	SAMN28061841	SRR19064907	feb41427-a26c-4252-8825-e0c14c073b4b
WallenZD_2022	PRJNA834801	SAMN28061842	SRR19064906	f9e7b601-e5e3-492e-9138-43fb7b320b08
WallenZD_2022	PRJNA834801	SAMN28061843	SRR19064905	670bc6bd-8ab6-48dc-a28a-7b893a4342ed
WallenZD_2022	PRJNA834801	SAMN28061844	SRR19064903	b27e3373-0fe0-4a7d-b068-586930a74806
WallenZD_2022	PRJNA834801	SAMN28061845	SRR19064902	d83e6544-0c0a-49c4-9266-134854f3898e
WallenZD_2022	PRJNA834801	SAMN28061846	SRR19064901	0073375f-b5c3-4e3d-bd40-c6498cd73a68
WallenZD_2022	PRJNA834801	SAMN28061847	SRR19064900	9ab18906-7d5b-4836-bba9-9a2fdf13318c
WallenZD_2022	PRJNA834801	SAMN28061848	SRR19064899	9a91323e-f1de-4036-8866-b5046339e202
WallenZD_2022	PRJNA834801	SAMN28061849	SRR19064898	a85df200-c440-4267-a957-8ada556498f6
WallenZD_2022	PRJNA834801	SAMN28061850	SRR19064897	5894ceae-66bd-4d11-a374-a10b3bfb0af1
WallenZD_2022	PRJNA834801	SAMN28061851	SRR19064896	bc2cee0f-4db1-45d9-a1b8-3a0f65d2a467
WallenZD_2022	PRJNA834801	SAMN28061852	SRR19064895	bd59f93a-ebe8-4db8-86cb-60886c3d0268
WallenZD_2022	PRJNA834801	SAMN28061853	SRR19064894	9cbcef15-17d9-490a-92bd-646778336bcd
WallenZD_2022	PRJNA834801	SAMN28061854	SRR19064892	09895548-6291-46b2-9cc9-6ea8e72671b2
WallenZD_2022	PRJNA834801	SAMN28061855	SRR19064891	b236f3c1-5797-4370-85ea-fbaa24d63c8b
WallenZD_2022	PRJNA834801	SAMN28061856	SRR19064890	0d6df543-dac1-4a9e-a132-c92949b5f902
WallenZD_2022	PRJNA834801	SAMN28061857	SRR19064889	2d2e473e-2769-42cb-8819-48dbddd198cf
WallenZD_2022	PRJNA834801	SAMN28061858	SRR19064888	7ec2168c-e501-4fd3-87c3-fecb03f070d5
WallenZD_2022	PRJNA834801	SAMN28061859	SRR19064887	aa421f88-fc82-40c5-a35b-649f69c9ee81
WallenZD_2022	PRJNA834801	SAMN28061860	SRR19064886	45ab025c-e395-464d-9266-3e264c3e77aa
WallenZD_2022	PRJNA834801	SAMN28061861	SRR19064885	36aa7124-eee4-4f0d-be3a-b265968dfbee
WallenZD_2022	PRJNA834801	SAMN28061862	SRR19064884	1ec416f5-21f0-4966-af0a-604b0f8d005f
WallenZD_2022	PRJNA834801	SAMN28061863	SRR19064883	a4b0f83b-08b2-46cf-9267-526df8b4cad3
WallenZD_2022	PRJNA834801	SAMN28061864	SRR19064881	c40fb5a4-bbaa-4541-9131-33a15926d7e0
WallenZD_2022	PRJNA834801	SAMN28061865	SRR19064880	285059dc-a46a-4d9c-89e4-0296e451356a
WallenZD_2022	PRJNA834801	SAMN28061866	SRR19064879	411e1137-47eb-4c77-b16a-de1f621f9aba
WallenZD_2022	PRJNA834801	SAMN28061867	SRR19064878	e89f9a45-512c-412c-86bc-fd2fbebe47e8
WallenZD_2022	PRJNA834801	SAMN28061868	SRR19064877	6b819c33-0ec8-4efc-9bc1-d6ff72b93b4f
WallenZD_2022	PRJNA834801	SAMN28061869	SRR19064876	7c82d506-7321-4c22-964b-2416ba9ff00e
WallenZD_2022	PRJNA834801	SAMN28061870	SRR19064875	a252c575-8ce3-411b-86c1-c6f22c05bb95
WallenZD_2022	PRJNA834801	SAMN28061871	SRR19064874	bca16978-96c2-4188-baef-2044c61de696
WallenZD_2022	PRJNA834801	SAMN28061872	SRR19064872	5d1bd186-dffd-45f2-acb1-ae0464c5faf3
WallenZD_2022	PRJNA834801	SAMN28061873	SRR19064871	dfc7309d-74ab-4484-a871-0f2a02d1b9a6
WallenZD_2022	PRJNA834801	SAMN28061874	SRR19064873	004c514c-3e87-4869-bc02-f71a2d90d7fb
WallenZD_2022	PRJNA834801	SAMN28061875	SRR19064869	d3b32a80-d5ba-4247-bb96-4a11a44c5a31
WallenZD_2022	PRJNA834801	SAMN28061876	SRR19064868	cb99b8b8-c183-47b8-9255-edf7ae48a0b2
WallenZD_2022	PRJNA834801	SAMN28061877	SRR19064867	50e583c1-2028-459b-8552-7052673b1367
WallenZD_2022	PRJNA834801	SAMN28061878	SRR19064866	d53cf86b-f17c-482c-b1d1-666e4c14b01b
WallenZD_2022	PRJNA834801	SAMN28061879	SRR19064864	58e6dff9-c28c-40cd-95c0-f3a6ce19addf
WallenZD_2022	PRJNA834801	SAMN28061880	SRR19064863	f4d33be2-2b40-4bdf-a323-8c6397569de2
WallenZD_2022	PRJNA834801	SAMN28061881	SRR19064862	d1c2b77d-143d-4f87-be78-f21131fe543e
WallenZD_2022	PRJNA834801	SAMN28061882	SRR19064865	27982275-8a2e-4a3e-8390-8870c469511e
WallenZD_2022	PRJNA834801	SAMN28061883	SRR19064861	41ff661d-6dcf-4396-a465-8912423e5ecb
WallenZD_2022	PRJNA834801	SAMN28061884	SRR19064859	3fabea8b-cbe9-4139-99ec-4ac1db8ed6d9
WallenZD_2022	PRJNA834801	SAMN28061885	SRR19064858	de9fa62a-b31b-4cb6-b290-dfc550ebc641
WallenZD_2022	PRJNA834801	SAMN28061886	SRR19064856	6eebef00-887f-46dd-bc90-c89da70333d9
WallenZD_2022	PRJNA834801	SAMN28061887	SRR19064855	bca67f4b-3028-4066-ae20-735d59e0846e
WallenZD_2022	PRJNA834801	SAMN28061888	SRR19064854	ea2fd360-9361-40d4-a7b5-5c74cca7ce99
WallenZD_2022	PRJNA834801	SAMN28061889	SRR19064857	281297ab-99f9-4fa7-a2e7-2957b43c17e6
WallenZD_2022	PRJNA834801	SAMN28061890	SRR19064432	b67b2f85-ceea-4863-bf35-5513fc75f0f0
WallenZD_2022	PRJNA834801	SAMN28061891	SRR19064431	e5d74a8a-c0ba-4eaf-981c-1a2357986d32
WallenZD_2022	PRJNA834801	SAMN28061892	SRR19064430	bcfecb60-998f-4aae-8d02-f6087c83674d
WallenZD_2022	PRJNA834801	SAMN28061893	SRR19064429	0128e997-57b8-4df8-9422-00a7fda70fde
WallenZD_2022	PRJNA834801	SAMN28061894	SRR19064427	b1a51a5a-0b10-40d8-bb28-059528da2358
WallenZD_2022	PRJNA834801	SAMN28061895	SRR19064426	ab8afb26-93dc-4c7d-a037-fb41e181ee1b
WallenZD_2022	PRJNA834801	SAMN28061896	SRR19064425	2118d284-db4e-4d44-adf8-d29e86b8596a
WallenZD_2022	PRJNA834801	SAMN28061897	SRR19064424	88c0d8e6-3ed0-45be-a53c-ade8b6cd6187
WallenZD_2022	PRJNA834801	SAMN28061898	SRR19064423	d04c1970-d842-4354-807e-5557f21c5546
WallenZD_2022	PRJNA834801	SAMN28061899	SRR19064422	2e609f4f-83a4-4f83-8291-434c689c88fe
WallenZD_2022	PRJNA834801	SAMN28061900	SRR19064421	b33886e2-094b-4631-a01b-571619773bde
WallenZD_2022	PRJNA834801	SAMN28061901	SRR19064420	0e8d79c7-d1c7-4306-9bbb-9fe03fa63c04
WallenZD_2022	PRJNA834801	SAMN28061902	SRR19064419	a568910f-4be3-42ca-bc4a-7bdc14c7613d
WallenZD_2022	PRJNA834801	SAMN28061903	SRR19064417	facd8f6d-950f-44e6-825a-3e10a9fac0de
WallenZD_2022	PRJNA834801	SAMN28061904	SRR19064415	60efd3da-4947-40cf-823a-b640057afe4b
WallenZD_2022	PRJNA834801	SAMN28061905	SRR19064418	947f80eb-ec93-41eb-b18e-a8242cd0a085
WallenZD_2022	PRJNA834801	SAMN28061906	SRR19064414	81df1480-4d6f-422f-b04a-6277423fc870
WallenZD_2022	PRJNA834801	SAMN28061907	SRR19064413	8a56d77e-39b6-47ef-a763-cabc8a66a98a
WallenZD_2022	PRJNA834801	SAMN28061908	SRR19064641	32253f85-b81d-4113-9c92-afe2238d4813
WallenZD_2022	PRJNA834801	SAMN28061909	SRR19064640	ac561edc-f73a-4e01-b537-315829788629
WallenZD_2022	PRJNA834801	SAMN28061910	SRR19064638	2f31ec54-76dd-4446-9402-5711779e2153
WallenZD_2022	PRJNA834801	SAMN28061911	SRR19064637	daa41016-193e-4e75-bf7a-8b99ad4e9ac6
WallenZD_2022	PRJNA834801	SAMN28061912	SRR19064636	54f56902-983c-4843-89d3-4d6c0aa29790
WallenZD_2022	PRJNA834801	SAMN28061913	SRR19064639	f7387b99-97e7-4b6f-b8d9-ffda49e9ae1a
WallenZD_2022	PRJNA834801	SAMN28061914	SRR19064634	a52bfb15-9518-446e-8d6c-ae86b45e1514
WallenZD_2022	PRJNA834801	SAMN28061915	SRR19064633	1c6be9cd-2db3-404a-b0bb-41e560211c22
WallenZD_2022	PRJNA834801	SAMN28061916	SRR19064632	2df748b7-c040-4997-ba04-b555aab8f302
WallenZD_2022	PRJNA834801	SAMN28061917	SRR19064630	305d85f4-028e-40a8-bf82-652abd38c699
WallenZD_2022	PRJNA834801	SAMN28061918	SRR19064629	9ec99c9f-de62-4e9c-8e22-523318e5a533
WallenZD_2022	PRJNA834801	SAMN28061919	SRR19064628	26d34660-db44-4c83-be68-3dab74e80402
WallenZD_2022	PRJNA834801	SAMN28061920	SRR19064631	78b930c7-6fb3-4027-bd98-1f66dd2f0027
WallenZD_2022	PRJNA834801	SAMN28061921	SRR19064627	16e7b0f5-acde-4a9d-90e7-19f739153d37
WallenZD_2022	PRJNA834801	SAMN28061922	SRR19064626	22064540-098b-43ab-a29d-518f0fb5f9dc
WallenZD_2022	PRJNA834801	SAMN28061923	SRR19064625	1c4a9941-b622-4634-90ca-68b60b4c8112
WallenZD_2022	PRJNA834801	SAMN28061924	SRR19064622	d161fd7a-2179-4321-90fa-8cb5832fc9b7
WallenZD_2022	PRJNA834801	SAMN28061925	SRR19064621	02afd2ac-de79-491f-9ca8-d7e1d6477ecc
WallenZD_2022	PRJNA834801	SAMN28061926	SRR19064412	4a6a476f-cb55-40ad-a679-e4a7b4996698
WallenZD_2022	PRJNA834801	SAMN28061927	SRR19064411	10b2dc61-0214-45b5-ad37-a956a4dc3e86
WallenZD_2022	PRJNA834801	SAMN28061928	SRR19064410	668b0e8f-936f-47ec-85cf-3b42af8bd89d
WallenZD_2022	PRJNA834801	SAMN28061929	SRR19064409	409e1b8e-f667-401f-b3d8-5b6bebe9d24f
WallenZD_2022	PRJNA834801	SAMN28061930	SRR19064408	8b125bff-a8ea-4b28-a86b-9abc69ddb080
WallenZD_2022	PRJNA834801	SAMN28061931	SRR19064407	f8585f47-47c4-4440-8b48-f97573779e0a
WallenZD_2022	PRJNA834801	SAMN28061932	SRR19064406	c28401bf-4629-4977-8bf4-a9bc13421b29
WallenZD_2022	PRJNA834801	SAMN28061933	SRR19064404	ee5fd501-27e4-4be0-adfd-a19244becafe
WallenZD_2022	PRJNA834801	SAMN28061934	SRR19064402	82b0bb3e-2524-4eda-8e87-5631afb0c0c3
WallenZD_2022	PRJNA834801	SAMN28061935	SRR19064405	f3190d37-8bb2-4528-9d8f-708bdb9be16a
WallenZD_2022	PRJNA834801	SAMN28061936	SRR19064401	d148f6ec-bd93-4343-a14e-d68e59c44f84
WallenZD_2022	PRJNA834801	SAMN28061937	SRR19064400	9d3f096d-1b57-4a4d-aa28-869dfab598c5
WallenZD_2022	PRJNA834801	SAMN28061938	SRR19064399	0a2fb5d7-e70a-435e-974a-942e0693296f
WallenZD_2022	PRJNA834801	SAMN28061939	SRR19064398	210e1a71-8640-4b10-9338-38dd2bf1ba7d
WallenZD_2022	PRJNA834801	SAMN28061940	SRR19064396	67a37893-db5f-406b-9b66-bde58ecc07f9
WallenZD_2022	PRJNA834801	SAMN28061941	SRR19064395	7bd659e3-445a-417d-94a1-39772e9cbed0
WallenZD_2022	PRJNA834801	SAMN28061942	SRR19064394	6e11698c-7c5d-4d4d-b434-c445753f5a5d
WallenZD_2022	PRJNA834801	SAMN28061943	SRR19064397	c64f790a-5966-40b5-aec3-7e2ee43d58df
WallenZD_2022	PRJNA834801	SAMN28061944	SRR19064392	a0b9a9bb-1916-4348-8587-c3af800be7ea
WallenZD_2022	PRJNA834801	SAMN28061945	SRR19064620	b95fec06-5ed3-4348-972f-5da2b2f14f98
WallenZD_2022	PRJNA834801	SAMN28061946	SRR19064619	e5fc8ca7-464d-4810-a4da-32f3ee1c0753
WallenZD_2022	PRJNA834801	SAMN28061947	SRR19064618	52869022-8789-4037-a28e-87578c4f59d4
WallenZD_2022	PRJNA834801	SAMN28061948	SRR19064617	bf0dc095-fe5b-4cc2-be22-95b04aa556a9
WallenZD_2022	PRJNA834801	SAMN28061949	SRR19064616	f9d66da2-273a-466b-adf7-9f79175fdf1b
WallenZD_2022	PRJNA834801	SAMN28061950	SRR19064615	40931957-94b3-4eeb-987a-a25a2a591e73
WallenZD_2022	PRJNA834801	SAMN28061951	SRR19064614	e58da2be-ef3f-4add-ae87-067c0777ae84
WallenZD_2022	PRJNA834801	SAMN28061952	SRR19064612	3ae15c0d-ea2f-4d20-a02d-9a2c51e756d9
WallenZD_2022	PRJNA834801	SAMN28061953	SRR19064611	3bc4fe6f-9aa9-48b3-b725-5cf4d10d15d3
WallenZD_2022	PRJNA834801	SAMN28061954	SRR19064613	a196e0da-66e6-45c2-b76f-65f448e67343
WallenZD_2022	PRJNA834801	SAMN28061955	SRR19064609	8efa34f8-4df3-44e9-abe4-48e79190a9dc
WallenZD_2022	PRJNA834801	SAMN28061956	SRR19064608	6faf5db0-d91a-47e6-822b-fdeea5107314
WallenZD_2022	PRJNA834801	SAMN28061957	SRR19064607	deea15f3-f9b1-471b-9245-e8995dd80f40
WallenZD_2022	PRJNA834801	SAMN28061958	SRR19064606	f196592b-f650-4654-bb65-ac0c39e54fb7
WallenZD_2022	PRJNA834801	SAMN28061959	SRR19064604	2fa9d528-7ef5-46c6-8c39-8260a9184483
WallenZD_2022	PRJNA834801	SAMN28061960	SRR19064603	4df340c0-4f67-42db-aa0b-af4c741b748b
WallenZD_2022	PRJNA834801	SAMN28061961	SRR19064602	df0f67a9-8a1d-4747-a63c-a8f411c6e9a4
WallenZD_2022	PRJNA834801	SAMN28061962	SRR19064605	b0b0ba37-2240-4010-8ebe-9ee7033344fd
WallenZD_2022	PRJNA834801	SAMN28061963	SRR19064601	8b2cd236-a3cc-4c8c-8764-94cf876e2cad
WallenZD_2022	PRJNA834801	SAMN28061964	SRR19064853	de7676eb-9b51-4132-8392-832d6bd2d769
WallenZD_2022	PRJNA834801	SAMN28061965	SRR19064852	f3d11eba-1aef-4a1e-b91e-836149936633
WallenZD_2022	PRJNA834801	SAMN28061966	SRR19064850	37a8cc1b-9975-4ec9-8619-8daf9423f88b
WallenZD_2022	PRJNA834801	SAMN28061967	SRR19064849	6c8ec7e1-b349-4710-9a31-74ab58d7c6bf
WallenZD_2022	PRJNA834801	SAMN28061968	SRR19064848	8d86e1f4-646e-4ba8-8e7e-b4304dfe829b
WallenZD_2022	PRJNA834801	SAMN28061969	SRR19064851	f496682e-ac5b-4295-a55c-ac782dff95de
WallenZD_2022	PRJNA834801	SAMN28061970	SRR19064847	dd0677ed-10d3-4fff-a777-3230d4a5e3eb
WallenZD_2022	PRJNA834801	SAMN28061971	SRR19064846	5863bb53-1bce-4e43-bfa1-b30863c45f57
WallenZD_2022	PRJNA834801	SAMN28061972	SRR19064845	f804b566-33bd-491f-ae5c-aaef6e558dcd
WallenZD_2022	PRJNA834801	SAMN28061973	SRR19064844	79b2f7d7-8a4b-4ef5-aa73-9c5c90e217a2
WallenZD_2022	PRJNA834801	SAMN28061974	SRR19064841	92ad5310-d1de-4d18-86c4-285fb826e74c
WallenZD_2022	PRJNA834801	SAMN28061975	SRR19064840	2563d908-926d-441c-9a0c-acfc91b8d53b
WallenZD_2022	PRJNA834801	SAMN28061976	SRR19064843	1ed363b0-14cd-46d2-b380-e272d48a9abf
WallenZD_2022	PRJNA834801	SAMN28061977	SRR19064839	75b10079-5c7c-45f4-baaa-de4ffe322b6a
WallenZD_2022	PRJNA834801	SAMN28061978	SRR19064838	dfc44a97-fb34-4bca-afb5-ca8584a5dfb9
WallenZD_2022	PRJNA834801	SAMN28061979	SRR19064837	6dcfa8b2-2e5a-47b6-9039-5a2f1b553e5b
WallenZD_2022	PRJNA834801	SAMN28061980	SRR19064836	5bf41b75-1966-47d4-9e47-8684adc344e4
WallenZD_2022	PRJNA834801	SAMN28061981	SRR19064835	8171e870-6ee3-4eae-ba13-f5cf50a633ad
WallenZD_2022	PRJNA834801	SAMN28061982	SRR19064834	62c1da0e-4c75-44cb-89f9-4fec08b8ab1b
WallenZD_2022	PRJNA834801	SAMN28061983	SRR19064833	7c084709-0c47-47c5-bc1d-d744fd80181a
WallenZD_2022	PRJNA834801	SAMN28061984	SRR19064831	a4d89e95-dfc8-4daf-8e83-d6e4196c7499
WallenZD_2022	PRJNA834801	SAMN28061985	SRR19064829	c7c0ef5c-a78c-487c-8df4-eb36f857bf43
WallenZD_2022	PRJNA834801	SAMN28061986	SRR19064828	fc9c8d2d-6937-44c2-9ea4-4a77ca7d81ed
WallenZD_2022	PRJNA834801	SAMN28061987	SRR19064827	80450206-bc9d-4938-866d-7e026732187d
WallenZD_2022	PRJNA834801	SAMN28061988	SRR19064830	087d57e6-1b89-4a8f-89e5-63d032f33694
WallenZD_2022	PRJNA834801	SAMN28061989	SRR19064826	c22a8b78-dae2-4afc-8c15-64b7da6c432b
WallenZD_2022	PRJNA834801	SAMN28061990	SRR19064825	964b1db7-367a-439d-93d8-bd27ffb0cb26
WallenZD_2022	PRJNA834801	SAMN28061991	SRR19064824	37bcc3f1-45c6-4990-aaae-5a2312ec8d60
WallenZD_2022	PRJNA834801	SAMN28061992	SRR19064823	f018cb42-9589-4a3e-a8dc-94478a35d67c
WallenZD_2022	PRJNA834801	SAMN28061993	SRR19064821	fde7f48c-f66a-430e-80dd-d52319c72245
WallenZD_2022	PRJNA834801	SAMN28061994	SRR19064819	d4e8eb50-6651-43bb-a723-388df515e252
WallenZD_2022	PRJNA834801	SAMN28061995	SRR19064822	1b900dd7-c4c3-4d63-a21b-6cdb0a577f86
WallenZD_2022	PRJNA834801	SAMN28061996	SRR19064818	c08a220f-8a39-495f-b4de-8dba77f6daed
WallenZD_2022	PRJNA834801	SAMN28061997	SRR19064817	2102e8f0-1fc4-47db-b6f1-0adfc613a3db
WallenZD_2022	PRJNA834801	SAMN28061998	SRR19064816	447e9680-2d66-46f9-b992-714c43052ff8
WallenZD_2022	PRJNA834801	SAMN28061999	SRR19064815	1364eada-a7f8-4e57-9f77-d9d87128425e
WallenZD_2022	PRJNA834801	SAMN28062000	SRR19064813	58875f2e-5c6c-4d41-8b0b-f5b0b86987ef
WallenZD_2022	PRJNA834801	SAMN28062001	SRR19064812	8f1d9902-7a23-456e-9a40-4989b41a6e8d
WallenZD_2022	PRJNA834801	SAMN28062002	SRR19064811	dfc06068-924b-4587-9117-783f0079d437
WallenZD_2022	PRJNA834801	SAMN28062003	SRR19064814	eb167153-79e5-478c-9c5d-6a4a953ac122
WallenZD_2022	PRJNA834801	SAMN28062004	SRR19064598	e302b505-e8ae-4f10-8d2a-fe06f960bd79
WallenZD_2022	PRJNA834801	SAMN28062005	SRR19064597	57d61de7-8ca3-4068-b05a-f0d835a2bb5c
WallenZD_2022	PRJNA834801	SAMN28062006	SRR19064596	010acd55-ad36-4d3f-9390-bca648d7aec7
WallenZD_2022	PRJNA834801	SAMN28062007	SRR19064594	1a4dd845-c29a-481d-9083-cc4c1d91d25b
WallenZD_2022	PRJNA834801	SAMN28062008	SRR19064593	3e8f9961-7d70-4839-ad33-44afa359c43b
WallenZD_2022	PRJNA834801	SAMN28062009	SRR19064592	612ebfe8-4b93-4117-8994-fea1241c1ce6
WallenZD_2022	PRJNA834801	SAMN28062010	SRR19064595	0fceee15-63bc-47fc-b44c-9aec1672e022
WallenZD_2022	PRJNA834801	SAMN28062011	SRR19064591	8a4733be-b152-4e53-a8b4-157b8a1da037
WallenZD_2022	PRJNA834801	SAMN28062012	SRR19064590	f1583b36-1673-4bb1-8b3f-319298043825
WallenZD_2022	PRJNA834801	SAMN28062013	SRR19064589	974815f0-31bc-4e0a-a61a-aec080bdd278
WallenZD_2022	PRJNA834801	SAMN28062014	SRR19064586	57d5fd79-ef78-41c4-8277-f3a48d1af1c4
WallenZD_2022	PRJNA834801	SAMN28062015	SRR19064585	9bc8868a-7061-4388-b561-7f4460ab6729
WallenZD_2022	PRJNA834801	SAMN28062016	SRR19064584	c377ba9a-a2d0-4adf-bf58-f015d7fcb6d6
WallenZD_2022	PRJNA834801	SAMN28062017	SRR19064587	c6ae146e-6bb6-4025-bfa5-48d084fcf9ab
WallenZD_2022	PRJNA834801	SAMN28062018	SRR19064583	02854c1f-9da9-495e-8ae3-234b331466f5
WallenZD_2022	PRJNA834801	SAMN28062019	SRR19064582	8d71ca9c-5386-46f4-aad8-3868fbcefced
WallenZD_2022	PRJNA834801	SAMN28062020	SRR19064581	3b8e9a8b-6f60-45dd-9fa7-7ec861bd5ddc
WallenZD_2022	PRJNA834801	SAMN28062021	SRR19064580	5cc61df3-bd5b-41f6-9752-b5d1b581d129
WallenZD_2022	PRJNA834801	SAMN28062022	SRR19064578	a5ae9938-05e7-4171-b878-da8e28184a8b
WallenZD_2022	PRJNA834801	SAMN28062023	SRR19064810	1cab1f28-9af1-4e04-9eda-3e4278a7801d
WallenZD_2022	PRJNA834801	SAMN28062024	SRR19064808	ff1636c7-d0d1-4dd2-a416-430f2da6789d
WallenZD_2022	PRJNA834801	SAMN28062025	SRR19064807	288610ed-5c44-4f72-8476-0a723e50e6ba
WallenZD_2022	PRJNA834801	SAMN28062026	SRR19064806	c4bb3bc6-0c35-470f-a27d-ec06f9e17a4c
WallenZD_2022	PRJNA834801	SAMN28062027	SRR19064805	bd082c3f-c3df-4015-9b56-122e36f51630
WallenZD_2022	PRJNA834801	SAMN28062028	SRR19064803	c8c0f0bf-516a-4723-b2bf-4caa9b06113b
WallenZD_2022	PRJNA834801	SAMN28062029	SRR19064802	a8a16b27-14be-420d-bf33-1754984ea3ae
WallenZD_2022	PRJNA834801	SAMN28062030	SRR19064801	c827a7ee-702f-4216-be78-d195cb735f2f
WallenZD_2022	PRJNA834801	SAMN28062031	SRR19064804	8f513a05-d51e-4030-81b2-c99728d7e5a1
WallenZD_2022	PRJNA834801	SAMN28062032	SRR19064800	4478c64a-2bf4-42c3-8e68-e2fac72d0ed8
WallenZD_2022	PRJNA834801	SAMN28062033	SRR19064799	8c056d4c-3b53-4e1a-8392-cd1922a1b05d
WallenZD_2022	PRJNA834801	SAMN28062034	SRR19064797	6a956cac-ce43-47f0-bf4d-dea8ffcae0a6
WallenZD_2022	PRJNA834801	SAMN28062035	SRR19064795	0b114082-3af6-477c-bb35-e2f45a600b71
WallenZD_2022	PRJNA834801	SAMN28062036	SRR19064794	9db4bec8-b32c-47a8-8bcc-b695e6617c24
WallenZD_2022	PRJNA834801	SAMN28062037	SRR19064793	0d34a20a-1745-459b-98b6-712ab9a09a22
WallenZD_2022	PRJNA834801	SAMN28062038	SRR19064796	ca4c9074-62ba-47d4-932e-391a697e0562
WallenZD_2022	PRJNA834801	SAMN28062039	SRR19064792	c612209e-d491-4b77-829b-7c4629bd45c6
WallenZD_2022	PRJNA834801	SAMN28062040	SRR19064791	44d56b8b-0581-40cf-835c-f53549cc6ee5
WallenZD_2022	PRJNA834801	SAMN28062041	SRR19064369	bd9bffcd-901c-4a53-9ad1-1bdf2fc4a215
WallenZD_2022	PRJNA834801	SAMN28062042	SRR19064368	f63b4dda-5ff7-4dfc-9414-f5d9abf5f0c6
WallenZD_2022	PRJNA834801	SAMN28062043	SRR19064366	a27e3223-dd1c-4e8a-9099-9bfb3d7ba158
WallenZD_2022	PRJNA834801	SAMN28062044	SRR19064364	4ca85c9a-0f8e-4232-ad66-abf16f6ea3ea
WallenZD_2022	PRJNA834801	SAMN28062045	SRR19064367	554bec85-9eb7-4898-a2cc-632546dbd1a8
WallenZD_2022	PRJNA834801	SAMN28062046	SRR19064363	2a7ded16-54ed-44a0-bb79-7ffbd6d4f69d
WallenZD_2022	PRJNA834801	SAMN28062047	SRR19064362	32bd73fc-3ded-4e0e-bb0a-55e57031409c
WallenZD_2022	PRJNA834801	SAMN28062048	SRR19064361	810965df-ec3e-40c1-9b02-8245132e0171
WallenZD_2022	PRJNA834801	SAMN28062049	SRR19064360	53fe895a-53e6-4a4c-8014-ab44a115cd8c
WallenZD_2022	PRJNA834801	SAMN28062050	SRR19064358	e1e94270-0e29-4dc9-b196-1ade2df7e1fb
WallenZD_2022	PRJNA834801	SAMN28062051	SRR19064357	76c40295-5525-469e-ad1d-01920523bf3f
WallenZD_2022	PRJNA834801	SAMN28062052	SRR19064356	86eb044a-152e-402a-9bf0-da6de2e9c2a4
WallenZD_2022	PRJNA834801	SAMN28062053	SRR19064359	35a765f1-475d-4f15-9c60-ca0c9df86a71
WallenZD_2022	PRJNA834801	SAMN28062054	SRR19064354	b96eda2f-43b0-4637-87be-a4d26fb740dc
WallenZD_2022	PRJNA834801	SAMN28062055	SRR19064353	05104e95-516d-4d33-9f4a-e5a78660fe72
WallenZD_2022	PRJNA834801	SAMN28062056	SRR19064352	a1466598-e781-484f-abb3-b4d70b9ccb6a
WallenZD_2022	PRJNA834801	SAMN28062057	SRR19064350	36bdd6ed-6b6c-4af5-8bf0-b50df397d580
WallenZD_2022	PRJNA834801	SAMN28062058	SRR19064349	ddefd8b3-ef77-4d03-8b22-31a8af99c5cc
WallenZD_2022	PRJNA834801	SAMN28062059	SRR19064348	ef40567b-9105-4cdf-9781-68ff3874a760
WallenZD_2022	PRJNA834801	SAMN28062060	SRR19064351	3e1bcaff-329a-4f3a-a789-08a1ec63c549
WallenZD_2022	PRJNA834801	SAMN28062061	SRR19064790	4cf4b526-5e46-4570-92ff-c1c03b7a0080
WallenZD_2022	PRJNA834801	SAMN28062062	SRR19064789	703a6cc8-bce3-4e62-8dd4-d15925e6fe63
WallenZD_2022	PRJNA834801	SAMN28062063	SRR19064788	9e1459d7-7383-423d-b28d-93b14231f688
WallenZD_2022	PRJNA834801	SAMN28062064	SRR19064785	0f733062-bdb7-4afb-90d1-4ec3a0686344
WallenZD_2022	PRJNA834801	SAMN28062065	SRR19064784	9fbd421b-2a69-44e5-bd6b-71de97d941c5
WallenZD_2022	PRJNA834801	SAMN28062066	SRR19064783	97b27dc6-4fcb-4c2f-860e-eab9f7f48d43
WallenZD_2022	PRJNA834801	SAMN28062067	SRR19064786	12a9d6a7-f1a7-4c6a-83f3-5e2a0f55a16d
WallenZD_2022	PRJNA834801	SAMN28062068	SRR19064782	455938a4-be79-4514-8f79-c8d9066005f2
WallenZD_2022	PRJNA834801	SAMN28062069	SRR19064781	381861f2-327d-41fa-aaa6-d8f91357ef78
WallenZD_2022	PRJNA834801	SAMN28062070	SRR19064780	9492da11-5b2a-4f4b-ba55-9378b5806231
WallenZD_2022	PRJNA834801	SAMN28062071	SRR19064779	211c7ef5-a6ed-4a37-82fa-d7ada75da1c8
WallenZD_2022	PRJNA834801	SAMN28062072	SRR19064777	27d7f949-f48b-40d8-af98-36440b9aae71
WallenZD_2022	PRJNA834801	SAMN28062073	SRR19064776	511ce327-e0f2-4427-ba94-86370adbb06a
WallenZD_2022	PRJNA834801	SAMN28062074	SRR19064778	8f4eec49-145a-4bdf-94a9-96ae1ce60b58
WallenZD_2022	PRJNA834801	SAMN28062075	SRR19064774	74a0d62a-95ed-4ae9-a41c-782ef6d57d83
WallenZD_2022	PRJNA834801	SAMN28062076	SRR19064773	8708ce19-7efd-479a-b597-28d36512149e
WallenZD_2022	PRJNA834801	SAMN28062077	SRR19064772	3b92bd66-2bbe-4a62-b3f4-caac5ce9a0e9
WallenZD_2022	PRJNA834801	SAMN28062078	SRR19064771	f804fc0b-84fd-4e3a-8cce-71470fdab24e
WallenZD_2022	PRJNA834801	SAMN28062079	SRR19064769	62fdbd3a-c0da-49ff-bd84-9445352ae7ec
WallenZD_2022	PRJNA834801	SAMN28062080	SRR19064577	22445a0d-d53d-4041-81fe-a1969226674a
WallenZD_2022	PRJNA834801	SAMN28062081	SRR19064576	106edac9-7698-470e-8d66-fc482aa6e8ab
WallenZD_2022	PRJNA834801	SAMN28062082	SRR19064770	a8b95de5-ff21-4b98-9d70-f3429b36f335
WallenZD_2022	PRJNA834801	SAMN28062083	SRR19064575	1b8e3057-f793-4097-b2a4-755c5fc42a9e
WallenZD_2022	PRJNA834801	SAMN28062084	SRR19064573	014aaed3-5326-4deb-8970-b2cd2177487c
WallenZD_2022	PRJNA834801	SAMN28062085	SRR19064572	f199a3d2-f440-4207-b417-420cc1e60710
WallenZD_2022	PRJNA834801	SAMN28062086	SRR19064570	78eeea46-ee8e-4a92-8ed2-a06434901e0d
WallenZD_2022	PRJNA834801	SAMN28062087	SRR19064569	84ebe89f-6862-443f-9286-aac20ff78da5
WallenZD_2022	PRJNA834801	SAMN28062088	SRR19064568	dde841f2-3883-4bf7-9cef-8ef378fd4ccd
WallenZD_2022	PRJNA834801	SAMN28062089	SRR19064571	23602e43-f58d-481f-963d-528393c3ec18
WallenZD_2022	PRJNA834801	SAMN28062090	SRR19064567	a1152b1c-25c9-4dd3-a3d8-204a0014d9ef
WallenZD_2022	PRJNA834801	SAMN28062091	SRR19064566	39c488f6-aee2-4357-82ef-27e4aaa7958a
WallenZD_2022	PRJNA834801	SAMN28062092	SRR19064565	e80afd66-7cb0-48f7-a52d-6dfd55ec5766
WallenZD_2022	PRJNA834801	SAMN28062093	SRR19064564	a212c3ec-c0b2-4859-8c65-bb5970281b0b
WallenZD_2022	PRJNA834801	SAMN28062094	SRR19064561	515db6bd-c6a9-4d4c-9721-0ed6fa704001
WallenZD_2022	PRJNA834801	SAMN28062095	SRR19064560	2a8bef11-e632-4231-9fe8-355b1ec8b349
WallenZD_2022	PRJNA834801	SAMN28062096	SRR19064563	72f04025-b5d9-4563-9410-c573b5fa4323
WallenZD_2022	PRJNA834801	SAMN28062097	SRR19064559	c4abcf73-c572-41f8-af0d-702ba2ba182c
WallenZD_2022	PRJNA834801	SAMN28062098	SRR19064558	807b1450-d0e3-47ac-b7ef-47e4fe82da6f
WallenZD_2022	PRJNA834801	SAMN28062099	SRR19064316	612a4aa0-9bd3-47be-b5dd-3251372938db
WallenZD_2022	PRJNA834801	SAMN28062100	SRR19064534	e6a319df-c1b8-4bf1-95bf-18579b12cba3
WallenZD_2022	PRJNA834801	SAMN28062101	SRR19064533	4b9f59bc-0f75-41d7-a84b-2ec5f6014a80
WallenZD_2022	PRJNA834801	SAMN28062102	SRR19064532	b224690e-cfcb-4d8a-9d06-194f4916d735
WallenZD_2022	PRJNA834801	SAMN28062103	SRR19064531	c2d9d93e-d273-4dfe-b5b5-421f3bbd8810
WallenZD_2022	PRJNA834801	SAMN28062104	SRR19064529	9c3411a9-27b4-4cdd-8288-9d7ef3611dd4
WallenZD_2022	PRJNA834801	SAMN28062105	SRR19064527	5dc7db10-3a54-40a6-a5b5-dacb69b8aa2c
WallenZD_2022	PRJNA834801	SAMN28062106	SRR19064526	460890b7-f90a-4a74-91f1-0907ef8fc3a1
WallenZD_2022	PRJNA834801	SAMN28062107	SRR19064525	f9c38cd0-979e-4898-80a3-f2487a0579e8
WallenZD_2022	PRJNA834801	SAMN28062108	SRR19064528	df740bfc-58bc-4f16-934e-6fbc6d7c4296
WallenZD_2022	PRJNA834801	SAMN28062109	SRR19064524	0e4c89f5-40e1-4903-a32a-f9fb0fed0e84
WallenZD_2022	PRJNA834801	SAMN28062110	SRR19064523	b79935d0-8838-4ae2-9d36-a0181a2123d5
WallenZD_2022	PRJNA834801	SAMN28062111	SRR19064522	ae9650fe-153e-45ec-ace3-3b1e312f4e7c
WallenZD_2022	PRJNA834801	SAMN28062112	SRR19064521	f3ccae67-a549-4ee2-9d05-07ea70beca79
WallenZD_2022	PRJNA834801	SAMN28062113	SRR19064520	ed09f32c-bf78-42be-bc1d-c5e6d98b03b8
WallenZD_2022	PRJNA834801	SAMN28062114	SRR19064518	4acf1642-864e-4e56-bac4-34720b1477fc
WallenZD_2022	PRJNA834801	SAMN28062115	SRR19064517	2e3d9d64-792b-47b4-9025-aaf6e86c57d1
WallenZD_2022	PRJNA834801	SAMN28062116	SRR19064516	f086d86a-923f-4a0e-8679-552489f4ed60
WallenZD_2022	PRJNA834801	SAMN28062117	SRR19064515	fad4786b-a647-46c5-bd58-261a21d0a4ce
WallenZD_2022	PRJNA834801	SAMN28062118	SRR19064768	d4889f20-d7e3-4faa-92ea-6d9f8383f56e
WallenZD_2022	PRJNA834801	SAMN28062119	SRR19064767	4b24ae9c-cb77-40b6-ae7f-bdfa1e5fbd22
WallenZD_2022	PRJNA834801	SAMN28062120	SRR19064766	ea27e63b-0759-48a7-875f-4ff4eb1c0bd5
WallenZD_2022	PRJNA834801	SAMN28062121	SRR19064765	133362db-9c11-4601-a081-21a6c005b20f
WallenZD_2022	PRJNA834801	SAMN28062122	SRR19064764	6f7d460c-1e15-4ada-9cf8-0a699780808a
WallenZD_2022	PRJNA834801	SAMN28062123	SRR19064763	4ccb3b45-dc12-4032-9dcc-a1fb333042d9
WallenZD_2022	PRJNA834801	SAMN28062124	SRR19064760	07a3b2b1-f8ff-4100-85c1-399781be1b89
WallenZD_2022	PRJNA834801	SAMN28062125	SRR19064758	ac3442ce-fd90-4f09-9419-acd4dff93d0f
WallenZD_2022	PRJNA834801	SAMN28062126	SRR19064757	a996bf59-6131-4044-a481-e68194971339
WallenZD_2022	PRJNA834801	SAMN28062127	SRR19064756	a21910cc-aabd-48ac-995f-e8cba38829fc
WallenZD_2022	PRJNA834801	SAMN28062128	SRR19064759	016d34ad-3e4f-4cf0-99e5-004eb36c873a
WallenZD_2022	PRJNA834801	SAMN28062129	SRR19064755	5e1fa2bd-59b0-4981-b5c2-4d258522ea49
WallenZD_2022	PRJNA834801	SAMN28062130	SRR19064754	2e98b186-7781-4295-b373-04350a16750b
WallenZD_2022	PRJNA834801	SAMN28062131	SRR19064975	592f74e0-02cb-4a19-989b-54236018bacc
WallenZD_2022	PRJNA834801	SAMN28062132	SRR19065040	18e5f459-2848-431e-a15f-05b0992324b0
WallenZD_2022	PRJNA834801	SAMN28062133	SRR19065039	99f077c6-aa6f-45b2-81a7-99ea2c1b92df
WallenZD_2022	PRJNA834801	SAMN28062134	SRR19065037	3db53e96-2e1a-4c4d-bcf5-85bdbe24f5ff
WallenZD_2022	PRJNA834801	SAMN28062135	SRR19064347	be013a5a-ec52-4659-bf0b-a57ebe9f860f
WallenZD_2022	PRJNA834801	SAMN28062136	SRR19064346	e53d5450-2344-4a66-ba72-5c25bce4d4d6
WallenZD_2022	PRJNA834801	SAMN28062137	SRR19064345	a4023a4a-80bd-4e39-b347-af7b3f3fa43a
WallenZD_2022	PRJNA834801	SAMN28062138	SRR19064344	313fd75b-d1f3-423c-8b20-8e0116040f55
WallenZD_2022	PRJNA834801	SAMN28062139	SRR19064343	4f3d3bc9-3492-444c-9769-559ad3838309
WallenZD_2022	PRJNA834801	SAMN28062140	SRR19064342	6bf71757-6394-4f11-8077-601df98127a2
WallenZD_2022	PRJNA834801	SAMN28062141	SRR19064341	7867c339-5814-4afc-8b17-ba4dcdfc8a55
WallenZD_2022	PRJNA834801	SAMN28062142	SRR19064340	c6328bf4-a91b-482d-bcbf-7b31ebaea2a1
WallenZD_2022	PRJNA834801	SAMN28062143	SRR19064339	2552675d-dca0-4a95-bba7-2f0bb63e77ef
WallenZD_2022	PRJNA834801	SAMN28062144	SRR19064337	4ed64284-8185-47b9-870f-5733aa1c7bb1
WallenZD_2022	PRJNA834801	SAMN28062145	SRR19064336	fb921bcf-50db-4b91-a30e-525b1a4f2ce6
WallenZD_2022	PRJNA834801	SAMN28062146	SRR19064335	df0a6029-cea3-45b0-ac77-379d8efbf4ba
WallenZD_2022	PRJNA834801	SAMN28062147	SRR19064334	c27ad70b-d4f3-458a-a787-e32e643d77fb
WallenZD_2022	PRJNA834801	SAMN28062148	SRR19064333	145f18bf-d5fa-4920-8f33-1c8a8893fcc7
WallenZD_2022	PRJNA834801	SAMN28062149	SRR19064332	08314014-214f-4851-923d-f48c8cf2ffb4
WallenZD_2022	PRJNA834801	SAMN28062150	SRR19064331	597b6b90-aefe-4361-9f5b-7864aed6ce8d
WallenZD_2022	PRJNA834801	SAMN28062151	SRR19064330	721f3d06-8d8e-4d63-a2cf-dd867999e38a
WallenZD_2022	PRJNA834801	SAMN28062152	SRR19064329	ae7d026c-6b27-42a9-92ab-5d3c3cdcb23a
WallenZD_2022	PRJNA834801	SAMN28062153	SRR19064328	833a63c1-adf4-4b38-b891-e83533b47c58
WallenZD_2022	PRJNA834801	SAMN28062154	SRR19064556	cefc97c8-c88e-47cd-8761-00b8c7d4ec0a
WallenZD_2022	PRJNA834801	SAMN28062155	SRR19064554	87d19489-f3b2-4647-8970-0c49537f7568
WallenZD_2022	PRJNA834801	SAMN28062156	SRR19064553	c589d229-e4ce-4158-a210-8a7bf214c83a
WallenZD_2022	PRJNA834801	SAMN28062157	SRR19064552	df6ed711-c330-434d-a3bc-b30d4f1d0dac
WallenZD_2022	PRJNA834801	SAMN28062158	SRR19064555	383f5bba-142f-42a7-a8e6-a13c6d26fd6c
WallenZD_2022	PRJNA834801	SAMN28062159	SRR19064551	cfeee7c2-1042-48e0-8b81-0e12eb19632e
WallenZD_2022	PRJNA834801	SAMN28062160	SRR19064550	b5bff0b2-a87c-467a-b407-8021c243440b
WallenZD_2022	PRJNA834801	SAMN28062161	SRR19064549	f03d4507-d85b-4d28-8c27-4d5df367a018
WallenZD_2022	PRJNA834801	SAMN28062162	SRR19064548	f87d1ea2-2d30-407e-91bc-cea2374e0584
WallenZD_2022	PRJNA834801	SAMN28062163	SRR19064547	554e9781-315a-4094-ae36-e08f84fe1d61
WallenZD_2022	PRJNA834801	SAMN28062164	SRR19064545	84b3a85d-07be-4584-bdcf-561b2a22e52d
WallenZD_2022	PRJNA834801	SAMN28062165	SRR19064544	88b4238f-b2da-46a2-84bd-a59abc618f1d
WallenZD_2022	PRJNA834801	SAMN28062166	SRR19064543	b2b92575-3ae9-4671-9039-d4c6f16ee61e
WallenZD_2022	PRJNA834801	SAMN28062167	SRR19064542	a3acb0b4-8fb2-4549-b4ac-2feebdd19dac
WallenZD_2022	PRJNA834801	SAMN28062168	SRR19064541	9162ef62-ade2-4268-9838-65385a0435f1
WallenZD_2022	PRJNA834801	SAMN28062169	SRR19064540	cec1885a-b2e9-48bd-966b-01ebca334104
WallenZD_2022	PRJNA834801	SAMN28062170	SRR19064539	6e521547-d4bf-4ceb-aab7-843b10b19df1
WallenZD_2022	PRJNA834801	SAMN28062171	SRR19064538	e3dcb6fd-e837-4b3e-87cd-83498898fb48
WallenZD_2022	PRJNA834801	SAMN28062172	SRR19064537	2c41a441-6589-4e28-b108-1e05f791a044
WallenZD_2022	PRJNA834801	SAMN28062173	SRR19064514	0d9c5ab4-ebb4-4561-af03-762212506313
WallenZD_2022	PRJNA834801	SAMN28062174	SRR19064512	b9a04560-297c-41a9-959b-5094537e8883
WallenZD_2022	PRJNA834801	SAMN28062175	SRR19064511	63961468-7d50-4ec0-9e28-6aff1908f35b
WallenZD_2022	PRJNA834801	SAMN28062176	SRR19064510	3c517996-189e-4163-b848-65aa517b4bb6
WallenZD_2022	PRJNA834801	SAMN28062177	SRR19064509	b4ace966-bf8d-4f23-9f3c-873d615e2774
WallenZD_2022	PRJNA834801	SAMN28062178	SRR19064508	13324331-4f20-4b1f-8988-619b8f9a8cdc
WallenZD_2022	PRJNA834801	SAMN28062179	SRR19064507	52facf0a-aad9-4ea0-b5cb-b1c09b577061
WallenZD_2022	PRJNA834801	SAMN28062180	SRR19064506	37da0543-200a-4c06-abad-c5ebb2875139
WallenZD_2022	PRJNA834801	SAMN28062181	SRR19064505	eb12bca6-cb66-4e32-8366-db98e6c86338
WallenZD_2022	PRJNA834801	SAMN28062182	SRR19064504	aa89fd16-0fd8-43c7-a0bb-0f0589e5b5d1
WallenZD_2022	PRJNA834801	SAMN28062183	SRR19064503	80af8a6f-f008-429b-af54-9a16ab9f6649
WallenZD_2022	PRJNA834801	SAMN28062184	SRR19064501	3fcb701e-c6db-40d5-9540-647f118e097a
WallenZD_2022	PRJNA834801	SAMN28062185	SRR19064499	2e9610de-0048-4166-99af-0a947e102db4
WallenZD_2022	PRJNA834801	SAMN28062186	SRR19064498	0e519285-8d01-4064-8c3d-5304c95309bc
WallenZD_2022	PRJNA834801	SAMN28062187	SRR19064497	1454fe49-15e8-408e-ba1d-9a918d92a8cb
WallenZD_2022	PRJNA834801	SAMN28062188	SRR19064500	b3e54112-e40f-4b9a-a794-8a5a0e1d76d7
WallenZD_2022	PRJNA834801	SAMN28062189	SRR19064496	57b90875-5750-40ab-a155-d62af3cc542f
WallenZD_2022	PRJNA834801	SAMN28062190	SRR19064495	d2fd0d24-aba8-4ff3-ba29-39db0eb37942
WallenZD_2022	PRJNA834801	SAMN28062191	SRR19065036	201a243d-0acd-4690-8173-1fff61b46b24
WallenZD_2022	PRJNA834801	SAMN28062192	SRR19065035	04839352-c9aa-432f-ad33-4f406b4ba95e
WallenZD_2022	PRJNA834801	SAMN28062193	SRR19065034	d43e808b-ffc4-462a-8ce3-51cd5bb4a122
WallenZD_2022	PRJNA834801	SAMN28062194	SRR19065032	24a41829-5f89-4ee1-b212-bb7a6b4570dd
WallenZD_2022	PRJNA834801	SAMN28062195	SRR19065031	f95b1bcf-a487-43e3-abf8-ebe211ef60d3
WallenZD_2022	PRJNA834801	SAMN28062196	SRR19065030	d4bbffff-f629-40d3-9d0a-2e2f1848913b
WallenZD_2022	PRJNA834801	SAMN28062197	SRR19065029	06c76a08-b8cd-4f4b-9349-5bf4a94e8161
WallenZD_2022	PRJNA834801	SAMN28062198	SRR19065028	caa79351-b1ff-44cd-8dc0-d28110907ad6
WallenZD_2022	PRJNA834801	SAMN28062199	SRR19065027	161abd6c-6a26-49f6-a102-22163fcbd1be
WallenZD_2022	PRJNA834801	SAMN28062200	SRR19065026	b64026cf-6152-4d88-86d3-fb5dc9a0dda2
WallenZD_2022	PRJNA834801	SAMN28062201	SRR19065025	40436e30-9027-479e-bec2-b446e196c824
WallenZD_2022	PRJNA834801	SAMN28062202	SRR19065024	0805bd63-0308-49b4-8a71-c4c8bf59d9a1
WallenZD_2022	PRJNA834801	SAMN28062203	SRR19065023	30a76c64-5741-401d-b922-c60ee78170ac
WallenZD_2022	PRJNA834801	SAMN28062204	SRR19065021	ad9410b3-92ee-4579-a808-1d8eed99abdb
WallenZD_2022	PRJNA834801	SAMN28062205	SRR19065020	659bd31c-54e9-4462-868c-62f520798870
WallenZD_2022	PRJNA834801	SAMN28062206	SRR19065019	e46a91d3-edf7-4035-9e40-833f5a3090c3
WallenZD_2022	PRJNA834801	SAMN28062207	SRR19065018	2427f64e-051c-4891-a3ef-f9fcc17a83e0
WallenZD_2022	PRJNA834801	SAMN28062208	SRR19065017	ec085eda-3923-4172-b93d-c9ca1a502885
WallenZD_2022	PRJNA834801	SAMN28062209	SRR19064327	5f965526-000c-4075-9931-13b356c63bd8
WallenZD_2022	PRJNA834801	SAMN28062210	SRR19064326	00b3b3b2-cac4-400d-8205-f656a793aed8
WallenZD_2022	PRJNA834801	SAMN28062211	SRR19064325	b3c149b7-3575-4adc-a1f1-6c08de05400b
WallenZD_2022	PRJNA834801	SAMN28062212	SRR19064324	4539747b-d157-48aa-b731-43ae4896461d
WallenZD_2022	PRJNA834801	SAMN28062213	SRR19064323	76c14ff4-043c-4bf0-8be9-4a3284bb4c4f
WallenZD_2022	PRJNA834801	SAMN28062214	SRR19064321	ff578d28-892e-4713-86a6-c6ed7cd88114
WallenZD_2022	PRJNA834801	SAMN28062215	SRR19064319	5c15345a-4a5b-44a0-955f-52e1fe281b63
WallenZD_2022	PRJNA834801	SAMN28062216	SRR19064318	145cf124-02f9-4a23-a248-1a86e3ee7f77
WallenZD_2022	PRJNA834801	SAMN28062217	SRR19064317	a5692bc8-d040-4399-9e33-b08e191e65d2
WallenZD_2022	PRJNA834801	SAMN28062218	SRR19064320	ef35e95d-3318-4191-b0c4-ecb2443b48a7
WallenZD_2022	PRJNA834801	SAMN28062219	SRR19064752	84f375b4-92d4-4171-b98c-304bd86c0f69
WallenZD_2022	PRJNA834801	SAMN28062220	SRR19064751	1a52e664-946e-40e6-bc7e-1d11fd443513
WallenZD_2022	PRJNA834801	SAMN28062221	SRR19064750	738993b3-8226-4368-a74f-d504fc53ebe1
WallenZD_2022	PRJNA834801	SAMN28062222	SRR19064749	f7823fcb-6119-477b-bcce-0c546256b364
WallenZD_2022	PRJNA834801	SAMN28062223	SRR19064748	5b28ecd0-6705-4e9e-96b5-91d63f85e97b
WallenZD_2022	PRJNA834801	SAMN28062224	SRR19064745	29ffc8cd-07ea-4079-9f11-21b4cbc14f36
WallenZD_2022	PRJNA834801	SAMN28062225	SRR19064744	803ee917-5b43-4ffc-8ed5-976769cec513
WallenZD_2022	PRJNA834801	SAMN28062226	SRR19064743	1d8827a6-90ea-4235-8744-f23fbeb85e4f
WallenZD_2022	PRJNA834801	SAMN28062227	SRR19064536	fb3b5625-9ed9-4990-9288-7411cbfd3bb8
WallenZD_2022	PRJNA834801	SAMN28062228	SRR19064535	b522e81b-5a9d-4264-b32c-8dd184d1edbe
WallenZD_2022	PRJNA834801	SAMN28062229	SRR19064753	e170f1af-d0d0-427f-8d97-ba64369c4593
WallenZD_2022	PRJNA834801	SAMN28062230	SRR19064973	1b4131b1-884a-45e3-82e0-d9a2f1f62332
WallenZD_2022	PRJNA834801	SAMN28062231	SRR19064972	b6b77d68-5c3a-469c-9096-726d079bc245
WallenZD_2022	PRJNA834801	SAMN28062232	SRR19064971	a4386ff2-f1f5-4928-b394-3f24a838befb
WallenZD_2022	PRJNA834801	SAMN28062233	SRR19064970	cbd53d6d-7e9d-4c58-9e74-18f8ac1b3152
WallenZD_2022	PRJNA834801	SAMN28062234	SRR19064968	7cbb07f0-1514-4148-a66d-f0fec2a08f88
WallenZD_2022	PRJNA834801	SAMN28062235	SRR19064966	5d1baf95-740d-4bb7-8499-0a388a879dee
WallenZD_2022	PRJNA834801	SAMN28062236	SRR19064965	cfb564bc-72ce-476c-a8e7-e69f7fdfed4b
WallenZD_2022	PRJNA834801	SAMN28062237	SRR19064964	1ebe1a56-2afc-4010-883c-7cda35fc811b
WallenZD_2022	PRJNA834801	SAMN28062238	SRR19064967	c833c5fd-ae43-4d02-b719-9e68bf877adb
WallenZD_2022	PRJNA834801	SAMN28062239	SRR19064963	d00ca5ca-3b02-4467-ad80-912b9732a14c
WallenZD_2022	PRJNA834801	SAMN28062240	SRR19064962	cbe7bac5-e1ff-41d9-8826-985306da03ee
WallenZD_2022	PRJNA834801	SAMN28062241	SRR19064961	8e8e44d4-843b-4ac7-b0c3-3e681038121d
WallenZD_2022	PRJNA834801	SAMN28062242	SRR19064960	86882995-24f2-411f-bc16-8dbff734ac94
WallenZD_2022	PRJNA834801	SAMN28062243	SRR19064959	69cfc471-3dd1-4782-b344-ebef778809d3
WallenZD_2022	PRJNA834801	SAMN28062244	SRR19064957	19555457-c2f6-451d-bfdf-d13adedeb796
WallenZD_2022	PRJNA834801	SAMN28062245	SRR19064494	7b8a5294-3e78-4a29-b947-56444f581261
WallenZD_2022	PRJNA834801	SAMN28062246	SRR19064493	2fe3625b-dc9b-4074-87a7-b58a22082248
WallenZD_2022	PRJNA834801	SAMN28062247	SRR19064492	02910bc3-4927-4665-9b05-2710b400abfa
WallenZD_2022	PRJNA834801	SAMN28062248	SRR19064491	d88d4513-a4c3-4404-9824-fd66295119c7
WallenZD_2022	PRJNA834801	SAMN28062249	SRR19064490	09a777c7-00b3-4d4d-9817-8d65fb58c5cc
WallenZD_2022	PRJNA834801	SAMN28062250	SRR19064489	8ac2afa7-ecdc-44dc-aed5-c2a4e7fb8835
WallenZD_2022	PRJNA834801	SAMN28062251	SRR19064488	1d5e0136-c738-4778-bf83-f024672913c5
WallenZD_2022	PRJNA834801	SAMN28062252	SRR19064487	0449ba71-8d86-4638-92c2-4b40e9546173
WallenZD_2022	PRJNA834801	SAMN28062253	SRR19064486	baca78eb-1868-4a06-88a7-239a4c485f48
WallenZD_2022	PRJNA834801	SAMN28062254	SRR19064484	a32eb7c3-47e5-45df-a29a-b288adb91d94
WallenZD_2022	PRJNA834801	SAMN28062255	SRR19064483	8656aa7d-73d0-4d6b-a801-c05816349f30
WallenZD_2022	PRJNA834801	SAMN28062256	SRR19064482	25695f0c-8b17-496e-9bb5-2542d35b7f19
WallenZD_2022	PRJNA834801	SAMN28062257	SRR19064481	e0b1b74f-e9a3-4437-a990-175cc33f9e59
WallenZD_2022	PRJNA834801	SAMN28062258	SRR19064480	3dda3593-7825-4203-97fa-144c2f489371
WallenZD_2022	PRJNA834801	SAMN28062259	SRR19064479	fd0d221c-f15c-474f-912f-3093c83878d3
WallenZD_2022	PRJNA834801	SAMN28062260	SRR19064478	48712672-9935-4c40-998a-7f5e2384a2bb
WallenZD_2022	PRJNA834801	SAMN28062261	SRR19064477	4dfd385c-b3a6-4a9c-9ad3-e623dabfa2fc
WallenZD_2022	PRJNA834801	SAMN28062262	SRR19064476	2fa4487a-7a8a-42d7-b6c3-600b75b2b36a
WallenZD_2022	PRJNA834801	SAMN28062263	SRR19064475	ed78d6ab-dd27-4e50-9f7d-2484bceb8c58
WallenZD_2022	PRJNA834801	SAMN28062264	SRR19065015	40f4ff36-e5da-4764-8c89-1709a690a7a5
WallenZD_2022	PRJNA834801	SAMN28062265	SRR19065013	1bffe9d9-7742-4458-85d0-2f5fb16d6caf
WallenZD_2022	PRJNA834801	SAMN28062266	SRR19065012	5c191809-f1b6-44cf-9e45-95ff1faa5bed
WallenZD_2022	PRJNA834801	SAMN28062267	SRR19065011	5477eade-7596-441c-9218-fafdd7294045
WallenZD_2022	PRJNA834801	SAMN28062268	SRR19065014	d64b6240-a4c6-401e-8741-0e7d6b9162f5
WallenZD_2022	PRJNA834801	SAMN28062269	SRR19065010	7f826d8f-ad2e-496f-a887-cca3ce357181
WallenZD_2022	PRJNA834801	SAMN28062270	SRR19065009	cf535c13-1423-4fb6-ba8e-259992aff3ed
WallenZD_2022	PRJNA834801	SAMN28062271	SRR19065008	8e8d4adf-e820-441e-9c3c-efb434bf76ef
WallenZD_2022	PRJNA834801	SAMN28062272	SRR19065007	9e42e110-a5a9-4690-9047-262180bb188b
WallenZD_2022	PRJNA834801	SAMN28062273	SRR19065006	2b531eaa-a053-4fb7-9b9f-7e4182180bf5
WallenZD_2022	PRJNA834801	SAMN28062274	SRR19065004	c8074f5e-722d-4d69-a7cd-adc2614240cc
WallenZD_2022	PRJNA834801	SAMN28062275	SRR19065003	dd178df6-8d04-4800-a55d-0eb5d73823ba
WallenZD_2022	PRJNA834801	SAMN28062276	SRR19065002	eea2b67a-27f8-4cd5-95a2-c85a25875aa6
WallenZD_2022	PRJNA834801	SAMN28062277	SRR19065001	3f904fe2-1bb9-4727-b16b-2c086b4d55f6
WallenZD_2022	PRJNA834801	SAMN28062278	SRR19065000	3f69cc30-baeb-4a0f-8b64-41d7e24a989b
WallenZD_2022	PRJNA834801	SAMN28062279	SRR19064999	8fc92811-b9e6-43cd-a95e-753faf61e896
WallenZD_2022	PRJNA834801	SAMN28062280	SRR19064998	9200eacf-f092-422b-b7c8-79999985416f
WallenZD_2022	PRJNA834801	SAMN28062281	SRR19064997	d9d1900c-7ad4-4087-85f3-28d493d2af08
WallenZD_2022	PRJNA834801	SAMN28062282	SRR19064995	c318a929-399c-4793-808c-b6cf1ea0e149
WallenZD_2022	PRJNA834801	SAMN28062283	SRR19064742	4acca1c5-12e3-4982-9ce8-5070756671cc
WallenZD_2022	PRJNA834801	SAMN28062284	SRR19064740	52b1217e-0ec0-4d94-9234-fb4a69522711
WallenZD_2022	PRJNA834801	SAMN28062285	SRR19064739	d4524e0a-9f4f-4856-b8dc-2f21330bfb51
WallenZD_2022	PRJNA834801	SAMN28062286	SRR19064738	8383a2e3-b8fc-46d0-b1c4-410666ee96a2
WallenZD_2022	PRJNA834801	SAMN28062287	SRR19064737	07752db0-e843-4cd8-a8e5-99af0230c51e
WallenZD_2022	PRJNA834801	SAMN28062288	SRR19064736	63ebff92-bae1-4516-9d7f-6b8ae60335a3
WallenZD_2022	PRJNA834801	SAMN28062289	SRR19064735	a8a5c345-d27d-4237-8eb1-d1ce73b39c44
WallenZD_2022	PRJNA834801	SAMN28062290	SRR19064734	08d92b49-d177-4ba0-bcc3-13cf70cfe75f
WallenZD_2022	PRJNA834801	SAMN28062291	SRR19064733	42eef10c-838b-4e8f-b772-42dcb61a206a
WallenZD_2022	PRJNA834801	SAMN28062292	SRR19064732	677d8df6-50db-4ea4-8b48-56f1f158c026
WallenZD_2022	PRJNA834801	SAMN28062293	SRR19064731	e681bc3c-7e9e-43d6-9f4a-7f7e78d2d8ef
WallenZD_2022	PRJNA834801	SAMN28062294	SRR19064729	86d4b90e-029a-488b-89a5-36ed03a8b7f6
WallenZD_2022	PRJNA834801	SAMN28062295	SRR19064727	e22f9bc8-aa33-4813-9b82-9599f3ecd801
WallenZD_2022	PRJNA834801	SAMN28062296	SRR19064726	c80dc41e-7ea2-40fb-8ca0-f5c07e116a9f
WallenZD_2022	PRJNA834801	SAMN28062297	SRR19064725	5a5de5dd-60f8-401b-b1d2-56015c08f07a
WallenZD_2022	PRJNA834801	SAMN28062298	SRR19064728	96d0bea6-f619-461e-aa29-b6e03423cc98
WallenZD_2022	PRJNA834801	SAMN28062299	SRR19064724	26451867-1bb3-4a68-acbf-3f429c6c1e8a
WallenZD_2022	PRJNA834801	SAMN28062300	SRR19064723	1602f323-2909-4797-a75e-9b850ad3cbbb
WallenZD_2022	PRJNA834801	SAMN28062301	SRR19064474	e3facba7-09a0-4c42-bb90-d4405411791c
WallenZD_2022	PRJNA834801	SAMN28062302	SRR19064473	384ce068-c512-4d74-9dc0-dfe268ffcef0
WallenZD_2022	PRJNA834801	SAMN28062303	SRR19064472	6a49392e-314f-4ef1-bb27-3fc6051a93fd
WallenZD_2022	PRJNA834801	SAMN28062304	SRR19064470	8b91a9b9-aca0-43eb-9127-a62df0517d83
WallenZD_2022	PRJNA834801	SAMN28062305	SRR19064469	ade70453-2bb6-4049-af18-d34941f84d28
WallenZD_2022	PRJNA834801	SAMN28062306	SRR19064468	14af71ff-1090-4502-abc2-5c39bd912108
WallenZD_2022	PRJNA834801	SAMN28062307	SRR19064467	972e2be8-256e-47d3-8d81-8793e93d95f8
WallenZD_2022	PRJNA834801	SAMN28062308	SRR19064466	e457f096-6b3c-4d25-ae5a-0e22bed7e668
WallenZD_2022	PRJNA834801	SAMN28062309	SRR19064465	03082c0f-102d-4fdd-be88-3080c1d621a5
WallenZD_2022	PRJNA834801	SAMN28062310	SRR19064464	f1b939fd-35d7-421c-b3f8-5582973267a7
WallenZD_2022	PRJNA834801	SAMN28062311	SRR19064463	c6212e07-6146-402d-8255-220fc0d8d142
WallenZD_2022	PRJNA834801	SAMN28062312	SRR19064462	5becde61-d53f-43b5-91c5-e559a91521ee
WallenZD_2022	PRJNA834801	SAMN28062313	SRR19064461	7159c86e-682d-4553-90e3-424c4c094f61
WallenZD_2022	PRJNA834801	SAMN28062314	SRR19064459	84a721c1-797b-497b-9aac-ffd04aa78b13
WallenZD_2022	PRJNA834801	SAMN28062315	SRR19064458	8c8666d7-90ee-42c3-b629-8280426dc0bb
WallenZD_2022	PRJNA834801	SAMN28062316	SRR19064457	e282f831-f6a6-49c2-bfff-e4263a61f51c
WallenZD_2022	PRJNA834801	SAMN28062317	SRR19064456	13c8dbf2-c12d-4d0b-b034-6954dcbfd6d4
WallenZD_2022	PRJNA834801	SAMN28062318	SRR19064455	676cb974-b146-4c55-a25a-b86f1332c6ad
WallenZD_2022	PRJNA834801	SAMN28062319	SRR19064996	cdac5650-a51c-4d2c-b320-2c5a21800d49
WallenZD_2022	PRJNA834801	SAMN28062320	SRR19064994	c451fb41-3147-4b1c-8e2a-58b48aa32283
WallenZD_2022	PRJNA834801	SAMN28062321	SRR19064993	7e5ae571-084b-4231-bc65-44173cfc4696
WallenZD_2022	PRJNA834801	SAMN28062322	SRR19064992	c7245d3c-77cd-4754-92c9-506e93542542
WallenZD_2022	PRJNA834801	SAMN28062323	SRR19064991	cae6ea07-e911-49ab-9c0d-c44aea98b241
WallenZD_2022	PRJNA834801	SAMN28062324	SRR19064987	1fc620d7-6299-4f91-9386-6200dfa037b3
WallenZD_2022	PRJNA834801	SAMN28062325	SRR19064986	5a562b44-1855-473c-b440-bbd80c499597
WallenZD_2022	PRJNA834801	SAMN28062326	SRR19064985	c903b18e-a009-4887-8953-5dd9bbc31496
WallenZD_2022	PRJNA834801	SAMN28062327	SRR19064988	65c2e582-ba0c-4a8d-8c26-2d84ea0b1c77
WallenZD_2022	PRJNA834801	SAMN28062328	SRR19064984	d4a85ab7-98e7-4b80-a5f2-4ce8279f7766
WallenZD_2022	PRJNA834801	SAMN28062329	SRR19064983	0e8e2a24-0cdc-4eb5-866a-2963c2d9f0c6
WallenZD_2022	PRJNA834801	SAMN28062330	SRR19064982	83e697cd-f99c-4e12-b46b-15ba51d66474
WallenZD_2022	PRJNA834801	SAMN28062331	SRR19064981	59ea3b1c-cd7f-4efe-860f-eb1a47a6034f
WallenZD_2022	PRJNA834801	SAMN28062332	SRR19064980	fc309f15-2b35-491d-9455-0f3d76457fa4
WallenZD_2022	PRJNA834801	SAMN28062333	SRR19064979	9a5c2956-e4f2-4ec1-bad5-5e3b9479c113
WallenZD_2022	PRJNA834801	SAMN28062334	SRR19064977	aeafeb56-fddb-412b-940b-e6b837899882
WallenZD_2022	PRJNA834801	SAMN28062335	SRR19064976	88f1b0c6-a3d1-4afa-ab95-d3007d95465b
WallenZD_2022	PRJNA834801	SAMN28062336	SRR19064974	8acd5b37-0dc7-4d2a-9c8f-d700b4b67f97
WallenZD_2022	PRJNA834801	SAMN28062337	SRR19064722	6a79d2ef-f716-4f17-a697-37f0d2a813fd
WallenZD_2022	PRJNA834801	SAMN28062338	SRR19064721	7127a386-0d41-4374-a3b1-36c5b76922b1
WallenZD_2022	PRJNA834801	SAMN28062339	SRR19064720	97119022-c84d-4577-8dea-a9c3a526f4a7
WallenZD_2022	PRJNA834801	SAMN28062340	SRR19064719	efacba6a-61aa-4129-af20-3444f761ec44
WallenZD_2022	PRJNA834801	SAMN28062341	SRR19064718	9faf4257-667c-4610-b7aa-a8a114eece93
WallenZD_2022	PRJNA834801	SAMN28062342	SRR19064717	35b9b4ca-389f-4102-b7f1-9905351b3699
WallenZD_2022	PRJNA834801	SAMN28062343	SRR19064716	e3be49a7-cf38-4151-a455-e81474e8d815
WallenZD_2022	PRJNA834801	SAMN28062344	SRR19064714	91b9b574-658a-4ad6-a310-d3e74a083974
WallenZD_2022	PRJNA834801	SAMN28062345	SRR19064712	a6089410-3706-47cf-ba95-cb796303d1b8
WallenZD_2022	PRJNA834801	SAMN28062346	SRR19064711	67c59fed-8288-45b6-bd0e-0cbaefe54870
WallenZD_2022	PRJNA834801	SAMN28062347	SRR19064710	89a36ee8-2a23-449e-b925-983e855faf32
WallenZD_2022	PRJNA834801	SAMN28062348	SRR19064713	477758bd-a9bc-4d0c-8dbb-f0b10bb49855
