sample_id	NCBI_accession
9b91f0a9-7f56-400d-a652-4fe6e1f1955e	ERR4330026
88a4d532-64fa-414c-b3d0-f02b291341c0	ERR4330027
6c53352f-0e02-45e1-87a7-d83802155ce7	ERR4330028
9ea10ccd-eded-4622-8182-22c5f28ce912	ERR4330029
c6d45170-359e-4e80-ba46-625340e1dd8b	ERR4330030
22b413e8-b819-4813-b8b7-fefd2a308a6c	ERR4330031
223148f5-c220-40ff-b056-001d2039dccf	ERR4330032
05119b9a-0231-4f8a-91cb-74041515b490	ERR4330033
ca519180-8b1b-4853-b333-57372f1b865c	ERR4330034
4d52b1ae-f006-4b37-b4d9-ad0b304411ac	ERR4330035
28cbd91a-bd8d-4160-90fe-8c85bb60b78b	ERR4330036
a335b8b1-4f1c-49d8-acc9-ea77bef4c219	ERR4330037
f1735869-be5c-4bc3-a7c1-a1f42d9ce872	ERR4330038
61fbdb9e-39e5-4cc7-a550-70c88fa06db6	ERR4330039
06cbf1c0-e2b5-4d71-8aeb-d32a91e25e2b	ERR4330040
faf2806a-19df-4b5a-9a3f-dfdc04c63467	ERR4330041
914f2356-50b8-4e7f-ac00-a33d98591d0d	ERR4330042
09fba105-1bf6-4265-8a20-bab847fef4ff	ERR4330043
b2bc6a6e-fbe2-4806-a45b-8a53b951a065	ERR4330044
f65c1d1e-d4a4-4918-b4af-7767ef4270fa	ERR4330045
d0c89a5b-a660-42ce-9638-8aabd6cf69f3	ERR4330046
4db05993-8824-48ec-a383-efd474c67670	ERR4330047
74dadf7a-1f2f-4fef-9cd8-a60c1fed7cfb	ERR4330048
61bfa528-1232-46e2-b120-7f0c3b05b498	ERR4330049
ff3895db-580f-46f6-aa89-986641df7e9b	ERR4330050
7e671cde-2cf1-4b1b-a011-f4692beb27a9	ERR4330051
061d141f-abe1-4c68-91c0-a379b6c9c635	ERR4330052
381c9e9a-8628-4fc4-b6ef-1d93f2d93008	ERR4330053
31625e8a-2374-4864-9f2f-53461a3cad56	ERR4330054
c376d991-b589-4303-8381-d980602ae05a	ERR4330055
7aaa770b-07ff-4f70-8580-7fbc773b6314	ERR4330056
bae33bdf-2b8a-44e5-ac17-871fd3464680	ERR4330057
4d91372e-01d3-45bd-b866-77875710b265	ERR4330058
29007308-b3e9-48c5-97ab-0f6b03f61eac	ERR4330059
773558d0-128a-4755-a2ac-3b69c5bf4f77	ERR4330060
55984daf-c861-45a7-81be-3e0892fef78f	ERR4330061
26f47d63-c14c-48cf-92ef-68e6c50bb61c	ERR4330062
4f67ca7f-a3fc-41dd-a3d4-f07526ea78e6	ERR4330063
8d9154ac-90a7-4107-a2a5-27aeeb10a35f	ERR4330064
42d12a1a-22d6-4678-a47d-0ab9e1eaf193	ERR4330065
c4f8e964-e8a3-4a0b-88d3-23b60bee984f	ERR4330066
a957f598-cebd-4851-a0e7-8338bbc383ed	ERR4330067
0bb5a1c9-ad97-4a1c-bf2d-220262edc0a4	ERR4330068
4695f2b2-c28d-4596-9da2-b7cf25116516	ERR4330069
7ab2a5c6-4af7-4c85-8b3e-fd44a9d28772	ERR4330070
a2524928-fb12-406d-981e-781d3c03468d	ERR4330071
07822e8c-1f9b-4637-b759-7157da9acb8c	ERR4330072
8af0cde0-d43a-48da-99c2-93227c3b7996	ERR4330073
2a370136-7caa-4f4d-a138-51534c7c446f	ERR4330074
341b52fc-e5b3-4dac-98e5-4ba4bf4da56b	ERR4330075
cc517874-33ca-4688-9e63-d7bb823f80be	ERR4330076
75eaef95-29bb-446d-ae5c-c2859380d66b	ERR4330077
66e75a89-4f6e-40ee-928d-0bd7a6256207	ERR4330078
c75211d1-3dbe-4649-aac7-b7783dc6c16d	ERR4330079
5600f5b1-2394-483b-a2ce-f0ec335772ab	ERR4330080
f855b800-e4f3-4126-b865-04d138fb2bf4	ERR4330081
a6ace0d0-d79e-4caf-b04c-4cc797f3d181	ERR4330082
507a81a7-47b6-4f36-9419-7e129a119a7f	ERR4330083
d4ba976f-489d-4f43-b38a-5b8f6db7bc07	ERR4330084
a4939c72-c064-44d0-9ee2-752318d5db88	ERR4330085
51187158-77e1-4aca-b487-8259bf34f73d	ERR4330086
2c88d3d2-d602-4a26-94be-30f0eb1c6f99	ERR4330087
0df2cd95-e6c0-4a07-bcea-55c8707cc423	ERR4330088
1da781d6-d437-43dc-a6fd-03c5610ce4e7	ERR4330089
7d70d13f-7301-4d08-bca9-cd48f01ff86b	ERR4330090
69b83e43-2949-4f83-bfed-8f73e220571b	ERR4330091
cc73cb38-c19d-49d7-9d7a-64c17251d053	ERR4330092
5a785578-eaf4-47eb-83ac-d7a91c142366	ERR4330093
05704a04-01d3-4870-8c04-1bef27e165a1	ERR4330094
76ab7b0e-1af2-4bd2-9063-2a7102ac948a	ERR4330095
8dd5dd2e-ab46-4e1e-9732-30e851ef10eb	ERR4330096
c566e05a-9c84-4330-b9e3-a87b4020d120	ERR4330097
961445d2-d9d9-4c9e-b4f5-8221eca2cd3e	ERR4330098
b7183c48-293b-448d-8cd8-6b77fe6f7089	ERR4330099
b2633671-6a3b-4c7b-9569-fcff162f31b1	ERR4330100
2f6d8b4b-d7b0-4a77-b25d-89264fecf063	ERR4330101
6a6aa48a-7225-450e-a6ff-4ff68badc477	ERR4330102
42e80151-eab0-4542-98c8-1a5b5654425b	ERR4330103
61c45c07-5290-4428-a235-2f1be9732076	ERR4330104
2b13ca10-8064-4f12-826e-37dd45b3486f	ERR4330105
55cc015b-7717-4951-b248-f4d973fc5f22	ERR4330106
a9609d41-2d07-4300-994b-fdb4d777c8de	ERR4330107
ddf0a004-4779-4432-b5c3-92b532147564	ERR4330108
60a6041e-6844-4167-92ae-b819313b2ca2	ERR4330109
710cd6c6-3b41-4ac9-aafb-9c20c0feaeb8	ERR4330110
d89ac4df-f5c8-493b-8496-6d0362f05c8f	ERR4330111
9d507ee1-8209-4271-a735-c522f13316ab	ERR4330112
f3ec8f82-3573-41f6-96c5-bf81cb767412	ERR4330113
8b07201b-96ed-4681-afe6-abc34e2fbe33	ERR4330114
13d48b1f-9263-4c12-bde4-6920c08ce25b	ERR4330115
1df1276f-5fa9-49eb-a3f5-33f063f1d358	ERR4330116
ab87e5e8-0fc8-4f3c-ae9f-aa48354563ca	ERR4330117
8295a408-cbfe-4174-8da1-d90c98dbaff9	ERR4330118
9bfe9d66-698a-41f8-815b-447e6f43b460	ERR4330119
728177ed-9622-4880-bfd7-b8be6e5867ae	ERR4330120
c1b6a5b6-4092-4211-a1b0-9b56d0d43b98	ERR4330121
4f9d4b27-a7d2-4b58-832a-70813bf15891	ERR4330122
0a68703a-f8fd-413d-b7e1-b7b3a240e80c	ERR4330123
f8f815ff-4aa9-45a8-9903-07ea6548eb69	ERR4330124
54d553a3-a33a-48ab-b10d-d79e95ae580e	ERR4333869
849917b5-aa7e-45d9-96dc-5022a80da1d8	ERR4333870
9abaa14b-a640-46c3-84b4-ce65d19d88cb	ERR4333871
0a972e8f-a4d8-47cf-9680-6291409f7b42	ERR4333872
35733786-339b-403e-a310-d741ae65dd83	ERR4333873
2add3607-3456-4e94-8834-31da07202a36	ERR4333874
81fde20b-a0ce-4197-9b54-93a20d396fd6	ERR4333875
e451c862-b198-4478-919f-a272201b5b92	ERR4333876
ed0974cd-8c66-4c61-addc-d8c8f6b5d6e1	ERR4333877
8240af70-389e-49ed-af35-93f075f167dd	ERR4333878
1c8dc55a-0bdd-4726-bf42-b5d14ea4478a	ERR4333879
ae9efe78-b85d-4747-9e49-271812d1827c	ERR4333880
8b7ae24c-7d43-4c17-b31a-834e3982bc7b	ERR4333881
0490ed36-4a71-4c40-ad1c-d4ff7cfc6853	ERR4333882
20382c1f-9207-4628-865a-4fa73d2c11a2	ERR4333883
41a68693-cd26-45e1-9fe8-b8d11aed7512	ERR4333884
a5976532-da3a-47c4-bd3d-a06b28f0eb92	ERR4333885
5f73f754-45ea-476a-98cb-d3d3c32fc88f	ERR4333886
81e1caee-1973-472d-9eb2-d6bb4f493101	ERR4333887
bfa7efd6-1743-4cdf-9684-1345724e03c5	ERR4333888
bb6f4a2c-f191-454c-84c3-addec926ef96	ERR4333889
024583bb-da5a-4e34-bd78-229e7e325a8c	ERR4333890
73b5e5f4-64a2-45c5-b3d0-ceee48ee9c8f	ERR4333891
0e87163c-b0dd-4509-9196-0ecb8a2b626f	ERR4333892
de066982-1740-47eb-9d13-de7ba391448a	ERR4333893
ec2fe265-7984-4dce-8f44-c8747ad24c5a	ERR4333894
131a0370-669c-4abb-a3ad-9424415086a9	ERR4333895
f7f66a19-3559-4d1d-9eb2-1a7c0b7aa710	ERR4333896
177dd9bd-127a-43df-958f-beb5c2029bb2	ERR4333897
886669ce-9df7-44e9-ba03-3490879fda3a	ERR4333898
ff21fdaa-d3be-40d6-b9dc-08b05c025b89	ERR4333899
094fdcf6-f572-4dfc-b9a5-6e57564bbfa8	ERR4333900
a9e5eeee-da8a-4650-a1db-30b3cf14c8c6	ERR4333901
4e560b61-84a8-490b-b7a2-96c98ceb92e6	ERR4333902
40077d20-26bd-490b-818e-bcd3a64cbc93	ERR4333903
2a2a8b49-a394-4558-8899-7c6c8b271e01	ERR4333904
8fdd9709-af65-4581-914e-7ef8b3c82c7a	ERR4333905
f7b836dc-0095-4948-beb9-6f7a194aa644	ERR4333906
9fa77e33-f898-41f5-8c73-10e9a6348b7f	ERR4333907
c1ec76c1-5000-4f95-ba00-1ddd0eb9a1e0	ERR4333908
ded5b9a1-db9e-45a2-a8b7-e5e792f69a95	ERR4333909
788f6901-01e0-43fc-82ff-287b0aa4bb85	ERR4333910
396abe37-a334-4c30-8777-8dc73203bc5e	ERR4333911
695d07ed-26db-4ee6-9902-acc902e95735	ERR4333912
622dfd15-2da8-4f63-98e5-dce6dca49efa	ERR4333913
c4c2d79d-2aed-454f-acad-557262132bea	ERR4333914
33219eb7-39c7-4447-bfdf-effd0eb7caa3	ERR4333915
ab728bf5-8fed-4ad3-86c2-65f197877f15	ERR4333916
6c860ab8-f35a-4ee0-b6e7-8da1adea7772	ERR4333917
9c08e612-6dbe-4011-a5f2-60dc550a2ec4	ERR4333918
182842d4-1cc2-403e-9511-40d6025a26c4	ERR4333919
8264cbdd-7164-48f9-901e-027491cf4fe1	ERR4333920
09aab848-55f2-408e-9ea4-cfcaccfc74c5	ERR4333921
7b246c00-e498-44e3-802f-e290a436fb79	ERR4333922
072b352e-dccd-4844-8efe-f208e2ef87b6	ERR4333923
354db203-6b10-4525-a43e-a6d9d68e258d	ERR4333924
6be6a27d-0d94-42c0-87dd-12ca5dd8c1ec	ERR4333925
f9a30587-52c6-4105-a7d7-e1505378328c	ERR4333926
0702e714-7d42-408e-833b-abfd744a0493	ERR4333927
b85da3fe-c21b-4eef-a388-56ccd9ca6906	ERR4333928
c6019b34-5a62-44a1-86ae-d644784a5702	ERR4333929
5e6a7b23-403f-4758-b100-81c7c7329da1	ERR4333930
affc6f21-00d9-4331-b30a-082e3aeb7296	ERR4333931
861228db-7d35-44ca-a086-bd57c71cd4a3	ERR4333932
8530fd88-ef01-4f1a-82aa-cb1bdf4a1c94	ERR4333933
5d54ee53-c93f-4ff2-a52d-1b7fbc4d92c7	ERR4333934
d7e8084c-3e63-46e8-a9cb-aa1e0c96159d	ERR4333935
159241e7-ce19-47e0-b278-81118e816baa	ERR4333936
2a1208fd-31de-4591-b13c-3151597d564a	ERR4333937
4f07c5dd-639a-4ad6-bbcf-7c2c5a3d8ef0	ERR4333938
7312f00e-3735-4a1a-8e98-d173e2620d92	ERR4333939
eacae7b9-34e0-4cca-a17a-f297e8223434	ERR4333940
a5c76fe9-f4e1-4a91-b9fb-54a659a04a2f	ERR4333941
9e9a33bb-7c38-487d-a39f-29d7ff0e65b2	ERR4333942
c091063d-2dd8-4e02-ae4a-8ce7b26cc81c	ERR4333943
658a0763-725a-4ba5-9658-0eabda94e6ac	ERR4333944
7f1d3983-c0cc-43b2-b0c6-c28077f5b028	ERR4333945
661756ad-94c1-4ca6-af0d-58e2a0c50ca0	ERR4333946
162d3304-b348-48be-b63e-ec658e63e2e5	ERR4333947
4b25aa60-45c5-4dd1-9eec-85c8295979d7	ERR4333948
df88019c-7aae-408c-a14e-b78c847a66db	ERR4333949
2e7cac89-bd4a-42e5-a901-181732cf665e	ERR4333950
9b3e3730-eb09-4174-891f-318926407998	ERR4333951
464cc5a2-54ca-4a0e-8fe4-3d87e56cd080	ERR4333952
f9bc2700-1cb7-4e13-b7ae-ac4319ba380b	ERR4333953
9517daf3-03e0-4913-9712-7abaa116660f	ERR4333954
c3ef1b71-b430-4169-a552-c6abf7c2fc58	ERR4333955
c2da542d-517e-409e-be94-b44c4652d6bb	ERR4333956
c46d687f-b413-488c-aae2-5c4538535445	ERR4333957
52298f3b-ccd9-4d36-b028-e520cd13d801	ERR4333958
b8f805c2-ffec-4693-bc90-e5362cc3e6f4	ERR4333959
f697d75d-2ee4-4c76-b82b-3e5287c1c03d	ERR4333960
403fd5c1-0750-423b-bf9c-dfaeae0b0f4f	ERR4333961
b9c790af-64a4-4343-be1a-fcca855e995d	ERR4333962
8ac35832-c1f3-42bc-8333-bf50217fef4a	ERR4333963
ce40a1bb-8301-4f16-bd23-c6e14700af96	ERR4333964
8d17e9d8-5946-4770-99d2-d9cd3899334f	ERR4333965
ed737b1e-316f-4e81-b4ac-a0bd914a6edf	ERR4333966
3bfdfcc1-597e-4884-91cd-677c9c0062de	ERR4333967
c8637761-14dc-4275-b758-654dc8de7041	ERR4333968
4008bd63-b54e-4f60-942a-10407752379e	ERR4333969
7f9ec18b-6a87-4df6-9449-722c70c00745	ERR4333970
55e3cf4f-e3ff-40ae-82a1-82bf578d111f	ERR4333971
9c57d2ad-1460-4433-add7-c51308d1368b	ERR4333972
fda48679-8f3e-4e74-8a19-d6a94bd36e83	ERR4333973
215bf85c-090b-4317-9c66-bc05746cfe33	ERR4333974
b2dc7ec6-859d-477b-ac04-bf9d2947bbf0	ERR4333975
841627db-068b-4da7-8c39-319c78ca39cc	ERR4333976
4867d63c-c137-4e93-bfc6-7560a06b18b9	ERR4333977
30778bab-a7c8-4fce-b04f-3865aca3eb8b	ERR4333978
d4673189-0bbf-457c-9c4b-30ea55267de7	ERR4333979
ba09cf5b-5adc-41cc-870e-6d913eb75e9b	ERR4333980
40e17115-0f26-4f7d-a48d-1bc332d4e94e	ERR4333981
a3c77543-4efc-4acd-acf1-fdde20c4c13c	ERR4333982
8e131ee0-796f-4784-82c2-a0db063030db	ERR4333983
56f7efaa-b28a-45c4-8a76-75331130d18e	ERR4333984
0a46ea41-0aad-46f2-9fc0-d7e244162fea	ERR4333985
355074f3-af54-4fb1-bc5d-ff3a6c6de6f4	ERR4333986
16877c74-e40d-4b11-8576-8a4ff4c9e3db	ERR4333987
c1c23e5e-f617-414e-8b22-bd7022f8a965	ERR4333988
0c8b8353-2e98-42e5-810c-315d25857720	ERR4333989
ea5b533a-01f9-4597-8af4-9d8380d4c27e	ERR4333990
384341e6-ad74-48a4-b1fa-ed6ced1fca99	ERR4333991
771d3629-1843-4e59-85ae-1785e94542c0	ERR4333992
3bf59780-576c-4e6c-bdeb-3e75835ca155	ERR4333993
08353ef2-d1da-48f5-b811-272032de3bf8	ERR4333994
b56e303f-672d-480f-b7ca-dc58bc462830	ERR4333995
b38d75cb-f4fd-4b39-b701-b942e04243e7	ERR4333996
b454d686-234f-426f-b556-25b3d3abfa36	ERR4333997
a81caa14-5cfa-4942-acba-e980c66bee16	ERR4333998
abd74506-6704-4f85-aea7-fe79ac34cc6b	ERR4333999
60a2c2d1-c6ec-4341-aad7-9ae3ad774d89	ERR4334000
83137192-ded4-4f8e-8180-d31aa8ce5724	ERR4334001
b67df520-5947-476b-a749-bf3a77431847	ERR4334002
67b8c738-61f2-4e9e-8b4f-cb5ace59b17a	ERR4334003
e3b5cec9-26e0-4b7c-9579-12b0a033cf79	ERR4334004
141a6eae-ff22-4f6b-bd98-89076aa54e88	ERR4334005
cdd68f1e-67e2-4a0f-811f-853b4f986ef0	ERR4334006
7da73707-c574-435c-b8fb-dc415309e91b	ERR4334007
ae73f8ab-0543-4f4e-b946-d1a70821e7b9	ERR4334008
6e022a1f-f595-4886-a15c-7f727582fc09	ERR4334009
3dc6062f-82f5-412b-a111-885b6eff8744	ERR4334010
1aefb1ed-d306-487a-884b-1d1c3af2f7b7	ERR4334011
6b879c91-9b1d-4a83-ba4c-19e3b3839a7e	ERR4334012
5c6a31a2-7436-4c7f-9537-4b7e837eea6d	ERR4334013
3743165f-f21b-4841-9bda-97dcb4b78c3a	ERR4334014
a6447506-6f5a-41f9-b883-020cc0726651	ERR4334015
f763287d-04a5-43f1-8bbd-ee2625a7ef3e	ERR4334016
e4f66543-def6-44e6-bca8-518954df327d	ERR4334017
f079637d-9fb8-486a-b953-66e99ba7205d	ERR4334018
7c8bc3d3-07da-4cac-84a3-6d2a3f4bfc7d	ERR4334019
56bd8b0c-e0ed-4485-a498-ead2520d9e40	ERR4334020
3410bb42-6228-4770-b20d-c03c856f4845	ERR4334021
5908f111-4174-4c61-a5d3-54e1fbf8373f	ERR4334022
c1fdd117-23e4-4bd3-91fc-b4da97b9d51b	ERR4334023
cb0cc4ca-a667-4dae-b311-c73c6648acf5	ERR4334024
d648d1b2-dcf9-4107-b03c-9d9a07363dbd	ERR4334025
fcf69fce-ed6d-4031-9936-158657ce14f5	ERR4334026
ea517c44-ab1e-49a2-b877-1a5a5873f082	ERR4334027
f473e815-eb66-4564-bd03-67877dc4b0c2	ERR4334028
c4f8f1ed-cb20-43fc-8b7e-3b6c782c710a	ERR4334029
95f37cf0-b6cc-4643-9375-a03eb67cbc44	ERR4334030
1e0b8873-4e64-44d7-ba93-ffedb0986ed7	ERR4334031
b183aecd-ac1e-471c-8246-24ad48a38308	ERR4334032
bb8d7c26-2553-4654-8ced-322b02ee53e0	ERR4334033
b56c2d3a-3976-4e9c-b675-336b3f21d921	ERR4334034
4330f280-f2b6-4ac7-82c4-2d0b68113076	ERR4334035
ca70ee43-2c9d-4b34-b935-60cc107c3d38	ERR4334036
a0755da7-f309-4c91-a008-de08d878051d	ERR4334037
4cb15f1a-8728-4e17-9a47-5cc560d7d61f	ERR4334038
8cef2488-8871-480d-9a7a-20f3a580887e	ERR4334039
f10b7eae-00a1-4856-9115-81abcf19bd14	ERR4334040
64763777-f2b0-4064-8207-a1998426b97f	ERR4334041
125b16c0-b7db-476d-a3d5-b60360b34e82	ERR4334042
ad236663-bc80-41e1-8143-e756f550e461	ERR4334043
762e9bef-8e2e-47f3-979a-4ed375b953d8	ERR4334044
31de7ac8-625e-4e1f-9d53-97ad55e2df28	ERR4334045
5ea900ac-2c59-46ab-ad0d-339745e21905	ERR4334046
daf370fe-717a-4209-b003-d5fe9884703e	ERR4334047
8258bd3d-2582-42d8-9db4-c59e2dcad20d	ERR4334048
ba2f2886-8e68-4fbc-afcb-6bfe698a750c	ERR4334049
a592cec1-7d61-4778-bf70-2e3ff07f2246	ERR4334050
1591fd5a-ac10-445c-9697-3d989a9d5d1b	ERR4334051
7e2ce6d0-b016-4fa2-b31c-cb7723928adf	ERR4334052
6e761c3b-e29a-46d0-bc10-9e4f6ba87bdb	ERR4334053
be5e4d92-4f53-451d-a82f-9cd67c5b659f	ERR4334054
6262e081-5ed1-4b59-bc0e-b39258091a89	ERR4334055
1c7d1d80-ff95-4ced-9457-0c446552d1f6	ERR4334056
033abaa7-c14f-4915-b006-2adcd752647b	ERR4334057
1c17acbf-5266-4cd6-913d-2697de8ec6ce	ERR4334058
51dbdb9f-bcb8-4c06-ae89-4a6131ea66a7	ERR4334059
1b15ed83-8277-4e91-a62e-02a4037e93b4	ERR4334060
e770397f-35a1-4396-8c00-1f283f5f6ec3	ERR4334061
84c4d4b2-edfc-46cd-9209-393705d6fb57	ERR4334062
d6b07c43-7cc3-44c8-9b43-4d44ca6d695a	ERR4334063
39f27702-828a-4b2b-bf43-f5c32e2d5087	ERR4334064
bf084585-43d8-47a9-8bca-77341357f5b2	ERR4334065
70fed847-dc5a-465b-a9fd-78ed57f75e2b	ERR4334066
f1330495-3be0-4412-9d23-420b9af96405	ERR4334067
a285da77-42bb-4c06-bb19-012562cdd9f0	ERR4334068
8e0bdf66-74f0-4237-9524-2b06658e33fa	ERR4334069
26ae7ab2-76e1-485e-972f-19837cd3837b	ERR4334070
1171ca86-2e4e-4f77-a284-573f48a10978	ERR4334071
96656106-eecf-433b-92fd-89c7988cc4c4	ERR4334072
f8d2fb17-7135-4c73-ba7f-86a7a0110c30	ERR4334073
8c005464-befd-4ddf-b778-e743edb3e0df	ERR4334074
b7d84533-6c5f-4ff8-8613-7c2d96a51afd	ERR4334075
c4a757d4-48a1-48af-b05c-de0b96cd1c04	ERR4334076
eacecae9-e513-49c2-98c5-decffab79c17	ERR4334077
a185789a-b2af-41d0-887b-d7c0ed148d58	ERR4334078
d9d07c3d-87c6-43dd-8423-db251aadf898	ERR4334079
9ba370f4-5ade-4d29-9c1e-dcbad0106f3a	ERR4334080
504341c6-7851-4ff4-a082-c20aa5d77a82	ERR4334081
0b0babe8-b768-49bc-9d2d-76ba4ef42891	ERR4334082
7a89c8a9-47e0-473e-99c7-8c452cf3b2be	ERR4334083
613d0599-f5dc-4eee-8c4b-987bca02f5b7	ERR4334084
f850f7a7-51bc-4f47-8e47-7ab9cbc72e45	ERR4334085
9b2955fb-b32c-4fbd-9353-dcda5ef0ae7f	ERR4334086
c90af3a7-c7c7-4517-9765-faebc9317b4f	ERR4334087
1368b09a-c687-49e8-8410-89f0be001033	ERR4334088
bc4e3a51-2242-4f9e-943d-69ca6b46edc5	ERR4334089
051b41e4-0745-4620-a6e1-4a6fa8f3ec19	ERR4334090
f4921bba-6d92-4b64-83e0-fcf83dc854de	ERR4334091
d8f2d734-f957-40ec-9511-1f24e737ccbe	ERR4334092
8fe3e2c8-134e-443e-ae2d-6401e0bbbc7c	ERR4334093
30c9bbd8-ff2a-4f67-ba26-8a747ba6825d	ERR4334094
3c9694aa-ba97-4c8b-b90a-77512a1e2f25	ERR4334095
905352e8-ffcf-4cdb-a4ac-017819a71f8d	ERR4334096
810eacd5-ca39-440b-ac33-5dcff139fd87	ERR4334097
139d5c00-2822-41f5-a5ea-5381e334c9ee	ERR4334098
3e09989b-7fa4-4fc0-acb4-8108a31458ab	ERR4334099
3f14154d-2258-4722-b04f-7cd26cbe2607	ERR4334100
58aeee37-d45f-4555-828d-6f25bf2f38a0	ERR4334101
520fd8ed-637e-463a-9209-6df239d28807	ERR4334102
71b88342-1f1d-4c85-be79-fc8511ce7637	ERR4334103
94805082-aef7-4844-9cae-fcd9fe011100	ERR4334104
9a0ca58a-3a80-4f25-86f8-b81827826ce0	ERR4334105
06a215bc-db6c-4c15-a33f-eb054b5ab3a2	ERR4334106
eb7856c6-2f4f-430e-9738-011b8061095f	ERR4334107
48d49283-f97b-498f-8291-03986dddcd42	ERR4334108
555f592b-69e8-4aee-9a30-7e1105aa52fe	ERR4334109
1d070698-d390-474a-a041-63c2961e137d	ERR4334110
1bfa5b45-a6c5-4552-b351-cdae7fe2079b	ERR4334111
2d960713-456c-4149-9e80-7b79d5e16754	ERR4334112
ddd8aee5-9009-4469-abf1-9600591e11aa	ERR4334113
01dc7fc0-bdae-46ac-bda1-e4f5c387fcd2	ERR4334114
23123b75-dccd-4e8a-b013-9847f8012885	ERR4334115
d24892ef-70ca-4e6e-8374-13c9cb23f6e0	ERR4334116
6a4b3b71-56d1-4f41-93aa-3d3bd984a2ec	ERR4334117
c36d6a8c-b5b1-4109-98d2-8417e225b9fd	ERR4334118
39764aec-c14c-49a5-9010-0d11e87e3639	ERR4334119
860546ba-fbde-4dfe-9e7e-fff7ac2e509c	ERR4334120
2be6b390-7210-41ce-8f3b-0deb5e2d5ea6	ERR4334121
50d104d6-cb7c-44e0-8eaf-a828fd6be6c4	ERR4334122
18e7e34d-046c-4c1d-8141-3ba6b71967db	ERR4334123
51188f58-8feb-405b-9d27-09949955fe93	ERR4334124
9e78273a-e3f0-4fa8-89c1-690fe45135e7	ERR4334125
69d955de-df3f-4cb8-b463-9c15d97c89e0	ERR4334126
62647313-1f5b-49c3-a86f-158095bf0a13	ERR4334127
a856326f-de18-4d9c-a582-89d88f2cf350	ERR4334128
b45268c3-9166-4a9f-867b-0d953f983750	ERR4334129
69f9b390-d5e5-4652-8415-6b8a17a80556	ERR4334130
2d0fc681-7c76-4376-9875-a9411564e85f	ERR4334131
cbf6c30c-6391-448b-8ddd-72b15674644c	ERR4334132
bf5ae9ca-db9f-4f49-af62-1037a8fe3c39	ERR4334133
16d2faff-853c-410b-9c83-4cc6e6d4c39f	ERR4334134
18c17d37-dbd7-4dae-b4fb-fa8ffe4bb2e0	ERR4334135
b966ddda-ddd2-4c66-b81e-46d27f5b60bc	ERR4334136
a0daaf4e-47a6-4ce7-afa7-9d2dc1d36cf5	ERR4334137
28197407-2605-46e3-92b2-c4ce00c3935a	ERR4334138
b0a95dbe-8062-4749-9357-c4c9a7740d6c	ERR4334139
073ddc5f-bdc4-422d-bd1e-13348b64d072	ERR4334140
b5bb52d8-6b9a-43af-9841-015fe5c80052	ERR4334141
3b888809-8042-4178-8fea-a920259fac76	ERR4334142
07cf899e-a0d9-4b7a-a5d4-055c4975e1a2	ERR4334143
6ab4e856-220c-4dbc-9c2a-5b3e7fec5cc3	ERR4334144
96e5cb0c-9af8-400f-9a07-bd9318fc99cf	ERR4334145
6565304e-d0f0-4553-bd4e-fa38d172e14b	ERR4334146
f889a6d7-828b-4bcb-ae2f-f007e9150c07	ERR4334147
b65dc696-1c58-414b-a215-6f9c55cc0706	ERR4334148
8cf85b9c-3064-4744-a5cf-9e8a47d5a720	ERR4334149
7c08c00b-fe55-4999-8680-2fbecb863060	ERR4334150
2bdc2e96-ee60-4144-a763-d9129ef48a16	ERR4334151
d592d74c-d1cb-450d-82f5-daddc665760d	ERR4334152
0a1b3036-b9da-43d8-9265-884b5542f970	ERR4334153
8c70ee92-7ca7-43b4-a090-ee93cf14465c	ERR4334154
fc79d820-82eb-4ec4-8b18-c3cc2b171e42	ERR4334155
7db8dad3-9f6a-47a5-9445-b649985c0591	ERR4334156
0d8c6adc-89da-4d04-bb2b-6cffa3cc3225	ERR4334157
54eae56e-92c3-43ea-823b-48d2cc1d95fe	ERR4334158
274104e9-4006-4669-b657-d52d77aee61d	ERR4334159
8679ae65-400c-4f19-9695-b2bdd35504d1	ERR4334160
422ecc41-91cd-400a-922c-6ecfc64a685a	ERR4334161
ab4cc417-5aa2-4bb4-b8f0-da4c0d7213d1	ERR4334162
57cc637e-d289-4c4a-9d71-9af2d2916389	ERR4334163
de45461e-0377-4001-96bf-4528985072a0	ERR4334164
9594c02e-014e-4644-9154-ddac55cc4bd6	ERR4334165
acda1dd5-6ee8-4bc3-863e-a87696ffa3c3	ERR4334166
9c57590c-53f7-4682-865c-a0c246d0f0cb	ERR4334167
4eefb6fa-ca87-4eaa-bbed-4254edf7b75f	ERR4334168
df4fb31d-9eff-4e70-8ff5-70ba33d5cb1c	ERR4334169
d0c14b2b-dcd4-4f77-a0e7-a26627d700af	ERR4334170
aceb9bd3-480d-4426-ab76-ebe7c6eea9e4	ERR4334171
2bb6921d-b3f7-4346-af24-326172c76c6f	ERR4334172
d6756b1c-14e1-4ff3-bc31-cf01ec849fac	ERR4334173
de5f2240-cd0a-4f45-832e-47a87cac11ee	ERR4334174
bf0a220d-5780-4ee3-895e-d4f24cca41bb	ERR4334175
4ae5f185-a6ed-411d-b972-bc3a1063245b	ERR4334176
5f75fd98-d77c-4da1-8b0c-99a74fc192a2	ERR4334177
152827b7-1594-47f8-bdbe-1168421f1613	ERR4334178
bffdb149-6a36-412a-893f-744b72304ebb	ERR4334179
7d044fd2-b1c8-49d1-a097-e8842e1c453e	ERR4334180
f02376b8-e9f5-4eac-a401-7509dd63b374	ERR4334181
38d8f472-90ec-4408-8968-9c00cda95c67	ERR4334182
f0443c12-66fb-4b58-bb59-a280bd7a784e	ERR4334183
64ecf787-a2d4-40d2-9624-6e2d0b79e1a3	ERR4334184
306451c0-6968-4ffc-ada2-d36a012760cc	ERR4334185
280e7ff7-19f3-4ab0-8fdb-2d1d6230cd97	ERR4334186
0870458b-993f-4e73-a4fd-7c3b0bb53337	ERR4334187
5d2b2e41-9756-4e60-a11f-88c52827253b	ERR4334188
e42f6e40-e140-4d06-bbd0-53cfc22ac817	ERR4334189
de6f114c-de04-4eb8-b450-8433eda49e02	ERR4334190
d9200b8b-ec22-4b7a-a4c0-a540252f7515	ERR4334191
f38186c6-b527-4959-ac11-9afcf386a2ba	ERR4334192
0be96cf5-e3af-460b-a890-dbf6be6e9c3e	ERR4334193
d4a604c2-a8c8-4c13-a375-c8d07281fcf9	ERR4334194
59f37c05-aa38-41a1-9568-600a7b11efa0	ERR4334195
0cf83498-820b-4fe6-b327-5f1dc60ce7bb	ERR4334196
7bdcfc74-58ae-461c-8c51-0e1459339e6c	ERR4334197
3e852d6d-33b1-4d75-a663-8aeed7614e57	ERR4334198
3ea556b4-5e5e-4585-bf48-665d9173b7ad	ERR4334199
5303a4a0-62b3-4ac2-b1c0-ac1899e7202c	ERR4334200
5979f8dc-eefd-4c59-82c1-8e9b7583c8b5	ERR4334201
d973ee40-940b-4428-bdbb-46ae862d5503	ERR4334202
548792a4-5e3d-47c9-9e32-c9afb10c490a	ERR4334203
4288fc59-bc4a-4482-be79-991a3071c1aa	ERR4334204
e6f6a27f-e361-49e4-9d6f-ccb2f2ed710a	ERR4334205
f7c1b748-dadc-4c68-91d4-f1383d6a5513	ERR4334206
7b2f2972-64bd-45d7-9b6e-85cda23591c1	ERR4334207
8b805261-258d-4c51-a906-966d3164ec15	ERR4334208
37aac3fa-41fe-4956-89a8-9040b781c065	ERR4334209
da04c386-abf2-4f7d-8938-fa2dbfa16032	ERR4334210
9cef0c8a-a3af-4f12-98dc-9edcc68cd9bf	ERR4334211
5f35e4a6-6fa5-47ec-900c-6da6f483768e	ERR4334212
fc438c24-9e5d-4891-b968-5099a3f49aaa	ERR4334213
63373331-1388-49cd-b2bb-94ea5c21e828	ERR4334214
cb43145e-8df7-4887-8a4d-be5a849d31dc	ERR4334215
a8a45e73-c90c-42bd-a2b0-a74c91036ae8	ERR4334216
f6e16233-9d28-4333-bb51-8d91c925886c	ERR4334217
85f5e682-e8c8-4786-a517-d4504b707081	ERR4334218
3fafe3d2-e8a9-47af-bb1b-b5b27f223592	ERR4334219
3fcc3603-cdd3-4d3d-b4b9-4105738b55b4	ERR4334220
015eb151-b4c0-45ec-9637-5b0e14bd58a4	ERR4334221
8f99c96b-513c-460c-a4fe-a48aeb3a191f	ERR4334222
fd60efc6-830d-4ea9-b575-a4ca4554a37d	ERR4334223
767e8dbd-32d0-48b9-b1e7-5374c9e649c4	ERR4334224
812ed4de-7b85-4a9d-867a-f61ba43e0b1a	ERR4334225
d7d4b304-3da3-414e-8e39-ffc88a7d1008	ERR4334226
fb34df51-8835-4508-b8d3-b9e2037b8c34	ERR4334227
77597396-af70-4d67-a4da-336387815ae4	ERR4334228
6240dc8a-2bed-4d30-9a6c-c86836fe9676	ERR4334229
3732fd85-7e8c-4ec1-adbe-3e7d0dcb98cf	ERR4334230
29c8b4dc-ca2a-4302-baa8-5bb6a7972ee5	ERR4334231
53b30335-e5da-408d-82c5-a7c7d92355f4	ERR4334232
446151c1-5310-461c-ac7d-5d2bba8e8c74	ERR4334233
0aa83358-b2c2-421f-b738-32525ac43b8f	ERR4334234
68b2cb1c-7987-4376-a0e4-ce02a4459d30	ERR4334235
575b3a19-99b3-4c7f-9544-8d9459b16f52	ERR4334236
3a18b372-1926-4aea-a39b-b385a6498951	ERR4334237
ea8139e6-e5fc-429d-8c41-0652f6768677	ERR4334238
30596bd0-6bf3-4fca-82a9-9b1a5abf99d1	ERR4334239
506e5b0c-4659-4b66-8ef7-f99d06b9ec71	ERR4334240
436d4f6a-c674-4b09-9646-beb93693847d	ERR4334241
5765406d-2ab8-449e-8d21-f905bc135d49	ERR4334242
2a267869-4526-4f20-b487-6968e3c7077f	ERR4334243
ae109361-7dd1-4214-8d73-c1c2e8d61e1a	ERR4334244
aaf342b0-944e-4c6d-9de9-76e91010e3ab	ERR4334245
739f50ee-c50f-47f1-8900-8dfc0f51cdc0	ERR4334246
0a7d1fe1-2586-4f46-93f6-9a40567dc8d6	ERR4334247
687da426-57be-4020-8aef-4ab3f8796a73	ERR4334248
a73c87a3-467b-4399-bf6f-64bd14659dd0	ERR4334249
a2cc7699-291a-47b0-ad89-651cf039fb5d	ERR4334250
49d89ab7-2a1e-4cf4-a059-6f3e2f324a1a	ERR4334251
6b26132a-3701-4319-8242-c256fc9e30e5	ERR4334252
0ca5aeec-11ee-429d-9691-29d69144e87e	ERR4334253
2a159fbf-b9bd-453e-8627-1b77ed3cb977	ERR4334254
d8abdb60-a837-4ad8-b959-43941f2f41e3	ERR4334255
4e421715-0143-4034-950c-4889773cb287	ERR4334256
27158cbe-3e69-4159-b236-6ad523a00382	ERR4334257
b2e13238-794c-4aea-8548-67a16797c6a2	ERR4334258
d677272a-4528-4348-9b61-284971c99b64	ERR4334259
c282ebea-e17f-4bd2-8739-20e97255ee68	ERR4334260
73a8a81f-1aaf-45ef-842f-a7babd9aedb3	ERR4334261
1678172a-2812-4f0e-bf61-29b551d5a3ca	ERR4334262
d0203adf-477e-475a-8300-cb6faf58f45f	ERR4334263
1ff41e55-9bcb-4f77-aea2-0afebe53a03a	ERR4334264
bc128939-4014-4683-8c51-e425b3104784	ERR4334265
fb524af3-a27d-45e6-be01-f9ff4a155c85	ERR4334266
103cb5fd-031f-45d2-94e2-9b0f5718c3d3	ERR4334267
641765a0-655b-4d4b-a5a3-3c3a8ac22f63	ERR4334268
3bd75458-6522-418d-a97a-aa0dd7f5d08f	ERR4335019
ed83767e-c759-45c4-ac58-e2fbc13c9874	ERR4335020
e076e24e-2ad2-449c-b981-e8932aa8dff0	ERR4335021
c6cbe4ff-eb27-443f-b14b-76f525fdd9d0	ERR4335022
3a8379b2-dd4d-4cf1-b2d4-b763f6f075f4	ERR4335023
6d84d3db-a8e3-44a8-8da4-055d8cd977ef	ERR4335024
868053c2-a5e2-46a0-9dd1-caa2a0db492e	ERR4335025
d3b2c25f-00ab-4d78-aa14-4608cdb58c5c	ERR4335026
ab86de3c-1b1f-428b-8b89-373e9d84fa92	ERR4335027
296c5506-fffb-480c-919b-e7efa666c6c5	ERR4335028
9d63c736-5a9b-4750-8076-c5346a799e76	ERR4335029
b88593bb-660e-4407-8226-2cc56ed20539	ERR4335030
e81b5eae-c62d-4d7c-b97f-af539bb3c1bb	ERR4335031
9da0e2c4-58b7-4831-af98-2cae55e1631b	ERR4335032
7c49dd03-5821-4bb0-8c62-19ae600cab75	ERR4335033
a8fc3693-1421-4190-ab15-bfd03f1f5db0	ERR4335034
d185e6d7-aae5-4e32-98e7-4a6b8e02b07d	ERR4335035
198d4844-d8fe-4af8-9f79-aa3d3dad18c9	ERR4335036
5b2de457-45c3-44da-94e4-e1dbccdade51	ERR4335037
d221d5fc-34f0-4677-93a4-9b8d9a0748b9	ERR4335038
576391d1-4b5b-4062-bd0c-7116eac6d9b3	ERR4335039
06296301-b7f1-4a7c-9288-96a751b36d86	ERR4335040
6def8ef2-7296-4b73-ac4d-e055bcb1d4da	ERR4335041
03aea638-0223-4ab1-8e29-ae46aa4be7df	ERR4335042
0e5414c1-e8d6-4ee2-9adb-0a92f0946566	ERR4335043
33ab2aec-191e-43f6-a773-3a98fbe4b70c	ERR4335044
8684c45e-967f-45e4-9c34-bbc48d7751b5	ERR4335045
0f3828ad-51b1-4d80-bf97-8819f29d8b7f	ERR4335046
9422bf57-ffd8-4d97-9eff-b069825ef98b	ERR4335047
97509112-d838-43c9-99be-3d496907d854	ERR4335048
80e737a2-47e5-4428-ba63-dab368c72c0a	ERR4335049
ac1d95d4-0660-4959-a258-b01fa3befd1e	ERR4335050
3ad1bdce-f9b4-45a0-925c-87e48fc36551	ERR4335051
b9dcb706-1421-4789-9053-4033386d3ca7	ERR4335052
10db67a4-ad99-424b-af33-72bfdeaad5d9	ERR4335053
a047d166-9ce0-4ed6-a76b-12f70e5fff6a	ERR4335054
37291d14-70fd-421e-b9b3-ab295566c0c5	ERR4335055
10685fbe-1a8f-4ee3-b092-bc253eb4c497	ERR4335056
e1ab3489-e01a-4d13-b91b-367160144b7c	ERR4335057
9b0ad96b-7f47-479c-aded-30c7fceeed93	ERR4335058
ad1df472-0f73-497d-ad03-690151f925bd	ERR4335059
f6f2a7b1-fa87-4ac5-9234-6066b74ffb87	ERR4335060
c0aa01cf-f26e-4ca6-9224-b49930d71c02	ERR4335061
48b5341d-6884-4308-bbf4-d4d552df97d9	ERR4335062
2fa6f21c-f0e1-4f58-af4e-9678e04ddfc7	ERR4335063
8dd830eb-4262-43eb-9130-746f3c4faf0c	ERR4335064
b4e4fc2e-aa3b-4ce5-b966-ab40ed3e1f19	ERR4335065
c2f182da-a994-4dda-8474-fb4bf21c4a9d	ERR4335066
ca3c2ea7-333a-4df2-9056-d067201a8751	ERR4335067
afbbcb1b-f098-4a70-8116-127d6db52484	ERR4335068
e14bfd7b-4ed6-4af8-b478-3e9548f5fe5a	ERR4335069
c47e4a9a-54b1-4f58-b269-429fe83b97a7	ERR4335070
e6934c26-3a3a-48ff-a4cf-1d59bb31dcc6	ERR4335071
6a47e820-116a-4026-8d22-fc65d9ff4eb1	ERR4335072
d24a604d-4b5e-46e5-839a-af795496780e	ERR4335073
37834a0f-4779-495f-974c-69269983417f	ERR4335074
0a2895a2-5c4a-4844-ad80-58a8517211d2	ERR4335075
53a57adf-9950-40ae-9aa8-558c0c1168be	ERR4335076
fbb4b987-e04a-457b-814f-f4af893e5c62	ERR4335077
7d20d10d-fb8d-4628-83c4-11b44d5d5b86	ERR4335078
42fe2034-c827-4dc0-8da5-0b77fcb95c51	ERR4335079
9d159ef4-8f53-45bf-979f-a8c6e0b168f3	ERR4335080
9ae52ba2-14f5-4e2b-9019-26d975919d2c	ERR4335081
31247a99-4982-42a0-bcf8-6088057f9fc3	ERR4335082
7ab3d40f-279f-4c3f-bb04-f482ef02d679	ERR4335083
ebd1f47a-6143-40a0-8d1b-d28bb5d3f92e	ERR4335084
e472bb5d-1af3-4cac-a29d-42b7c72b6951	ERR4335085
8da078f0-f041-4e7c-ad82-635f30c5ecae	ERR4335086
179cb564-dae4-46dc-a428-f8bf612dfb13	ERR4335087
468450ad-a98c-4bd3-abb9-0a528fb08091	ERR4335088
24b397e0-3f33-4b7f-81d1-705c4fddd05f	ERR4335089
99609684-dc86-43ef-995f-92a187032716	ERR4335090
41efecb0-8159-403e-ac59-9fdd613f950d	ERR4335091
5a5ce9a3-d5f7-4787-a3f8-4134d4732ac4	ERR4335092
ff5ef0a7-45c9-4f83-a3c0-89a25badb1d0	ERR4335093
35e32b90-db51-48ec-9ad7-cbf7a1013404	ERR4335094
3f52bc8f-4df7-45fa-9515-4697f8e9ecba	ERR4335095
c17c7b92-8663-4666-9ef1-29b8bfb84b9b	ERR4335096
fc39abd0-bdbe-46e6-a0de-424c4e18cd58	ERR4335097
dab6edd7-a7aa-4f8a-8a51-a8f03f073a34	ERR4335098
44154795-40e8-4a6e-815c-2ceb7a8b9965	ERR4335099
3a9f477c-b074-4eb1-ae8d-2bf9f0d4d437	ERR4335100
2746f251-330d-43e7-92b7-c2b020964e5c	ERR4335101
d04f506b-6541-4ddc-b929-78c00006a6a1	ERR4335102
570eba67-e193-41c6-82fd-a083b8ad04d2	ERR4335103
feaf0ab1-57f3-4aae-8f8a-222a96c7f6ad	ERR4335104
8fcd1469-3f5e-4d6c-aa77-2d3ec625dc9f	ERR4335105
15fc2a27-d7f4-40fd-812b-e00455bc1b40	ERR4335106
ea8d7800-ba1e-493a-b06f-03f829a0f7f1	ERR4335107
dd2c1a13-22ea-4a5d-b871-df8f3ec3d9ed	ERR4335108
6d4211f8-3b86-457b-9ea1-cd2c77a6caa6	ERR4335109
38e57cd4-9422-4ad0-a792-b8e379b1979a	ERR4335110
4b6a9ceb-6a48-4f6d-b007-a461b2ed0d73	ERR4335111
2f20d3f8-8ff5-4b14-b5ed-51fcfc24e646	ERR4335112
012ceb3d-b9d9-468c-b2b6-cf6168d71a56	ERR4335113
0f7bea60-b37b-4571-ae67-193b7149c220	ERR4335114
04bb88df-8cdc-4af0-9b1e-7ba760aa6b2f	ERR4335115
cb0bbdfc-5781-4288-bb0f-1bb96c5eefbf	ERR4335116
ca946075-e773-4d27-8e18-aa343bba37e3	ERR4335117
5932e4a1-e340-4185-85f3-dee7e4002449	ERR4335118
adc78a6c-d8e9-4b44-b839-57ab33a33a4d	ERR4335119
60c6deb4-e12f-4829-b850-c6d7b9117dad	ERR4335120
873da785-aefc-4ec1-bbb4-cb18f606dade	ERR4335121
f3ff750d-d64d-46fd-b361-e37c1b25a798	ERR4335122
ce681d0c-734f-4699-aca1-94787190d2df	ERR4335123
094d549f-1950-4b0f-b524-24f107f406cc	ERR4335124
dbe5aa1e-8297-4118-af0e-017e55772cd8	ERR4335125
c4576c48-4988-43c6-9706-80a4ef3050af	ERR4335126
214c2f69-1b82-4df0-96df-59c8b78ffd6f	ERR4335127
eb5cc287-53cb-40b2-86cb-99087152758f	ERR4335128
f0d4aa24-e82a-4cd5-9d00-536bcc8d7e60	ERR4335129
5ebcd01c-245d-452e-ae4a-fac5e458d036	ERR4335130
331d08ea-1505-44d2-ab22-7c88a9108952	ERR4335131
072f8f89-c699-483b-b1e3-e46809c60e8f	ERR4335132
85caaa13-9d44-4b0b-8a70-b2fd22fd3213	ERR4335133
706e990a-ad2e-489b-ae80-1d6f546d307e	ERR4335134
2af9e33c-243e-4f5f-b961-d6255b89a074	ERR4335135
f9944765-0b12-4a0b-aaf3-5716477d1872	ERR4335136
91dd699c-13b5-4b48-8970-402ffc2c0929	ERR4335137
4cee31a7-5ec9-4289-8f7e-6ad690a09d38	ERR4335138
b79b9789-6bb3-4714-9f10-d05d5fdceb1c	ERR4335139
0872fa8c-5d4d-445a-abda-07acfb968bf8	ERR4335140
13068c78-1800-4a10-8863-e23bc271832d	ERR4335141
2b45dd6a-b766-4dc3-ae5e-d07638634a81	ERR4335142
e98510c1-a938-4df8-a52d-dd4cb48ba832	ERR4335143
e601260b-e213-4855-915d-03272935a48d	ERR4335144
060f8bef-37a8-4130-b026-fbac445ecce1	ERR4335145
17e11571-9717-43fe-b7df-fb66b3cbc07b	ERR4335146
47baf69c-efda-4392-a87d-8f5404b91141	ERR4335147
d53025c5-c512-4714-a461-df8c5e50ca01	ERR4335148
bc11fcd5-60e0-410a-9cd7-ba038b9465cf	ERR4335149
eeb76729-3ebf-4937-b6de-407456110800	ERR4335150
e401a57d-7fd8-481e-bd0a-e6966927fe73	ERR4335151
6f9abae3-47e1-4d5d-9125-0c0811aabb28	ERR4335152
67a208de-2c79-4340-954a-b7ad4d54df6a	ERR4335153
9e486d93-a138-48be-a5fe-b547a83a6578	ERR4335154
ead64ca2-a126-489a-bc3f-2cba04dafa85	ERR4335155
e1b39053-7623-4b8b-8fdf-44f46a9f51c7	ERR4335156
44e73a35-ca68-460e-8751-5fa4c8ca3464	ERR4335157
ac71ec99-b698-41d0-9b80-12c0611e1a29	ERR4335158
a09c2c20-508e-4290-b4ff-21b73655ecc5	ERR4335159
dd77f676-1dd2-47f4-af09-02c7436d5907	ERR4335160
45126c37-0f98-4bf0-a704-6810c16e379e	ERR4335161
2986dcba-c181-47d9-8958-49ba968be401	ERR4335162
325df298-633c-4df5-bb50-cdce82daa7cb	ERR4335163
bc628ed3-93b4-4cfb-91a9-8a2eee82fbbf	ERR4335164
4d18dc9b-f02b-4f22-b021-85df40b1a85c	ERR4335165
f7dbc507-3eff-417d-b859-1015eb33720a	ERR4335166
4383ba2e-8145-4fea-8285-a6e2cfb7a39d	ERR4335167
1bc194de-d1a0-4a97-98c1-14b41734688a	ERR4335168
96eb1746-7a16-4603-b933-859535f78e86	ERR4335169
8b1685bd-ddc0-4a75-be1b-1fbff16c9121	ERR4335170
7c1a4982-9baa-48dd-b6d7-879c0bbd195f	ERR4335171
90642b91-8876-409c-9819-d88bc4c04d1d	ERR4335172
cfbd3649-9a18-4152-a817-d16568c94484	ERR4335173
23292452-0a7d-4ecd-95ab-5730ba29a307	ERR4335174
920201a5-682f-423d-b0eb-1430f3b8e750	ERR4335175
787ea05a-6ea9-4bee-9584-957a3defff4e	ERR4335176
d39e6e91-8c8a-4cd4-b729-f1383bf86dd6	ERR4335177
2d768894-7521-44e8-aa30-6886782752cf	ERR4335178
d4b0127a-616c-4d73-88cc-b73bd7b88b5f	ERR4335179
d6f92da3-bb9d-45a5-8b1c-c0ce87b02f0c	ERR4335180
0180f03a-1b0b-4341-81a6-9af8ddf8eb7e	ERR4335181
fcd1d72f-3d7c-4d68-b039-7e0046867b14	ERR4335182
f2b3a989-f631-4145-9c7b-e4c06ce44ace	ERR4335183
a7b6deb6-1347-4a7a-93f6-e2165e9812a7	ERR4335184
f8f720bc-2f93-45f7-b2a6-aa311b3012fc	ERR4335185
aa614ae3-d14c-4dcd-8b5f-6afaaf067bfa	ERR4335186
eb5b9aad-ccd9-4986-9523-7315ce276977	ERR4335187
0de399c0-87ef-4cd3-bdd4-44a81e130bc9	ERR4335188
6cab3f62-b487-4083-b598-09a203433eab	ERR4335189
aa5bd24b-99d9-4d79-a593-41d74a1ab344	ERR4335190
2b8e842d-38a9-45e4-b9d5-06dd7d617081	ERR4335191
a5296e0e-d166-40ec-a412-9e20b5b700c6	ERR4335192
d382f8ba-09fa-4c88-854d-bb911d9e43ab	ERR4335193
45eaf9ec-e5c1-405e-adac-d06971e50f23	ERR4335194
8f3ba406-7792-44f1-8340-49818e5bbe6a	ERR4335195
37fa582c-978b-4daf-acb7-e32df70ad97a	ERR4335196
e05b78e2-ed64-408d-b3e7-656dba2d6254	ERR4335197
7c784282-a6e4-4485-bff3-206423070e49	ERR4335198
d587135b-57a7-4c66-b1fb-7b5df649a8bd	ERR4335199
da4b94d3-59a3-4b56-8ced-1279200289aa	ERR4335200
ce064e86-b749-4cde-a6bf-e77b3e923a2e	ERR4335201
22fe885e-947c-4912-ac41-d05c468af14b	ERR4335202
824cfdec-d776-4f9a-9168-607bcd5a410a	ERR4335203
b99f8990-8b56-4400-a2bd-0fc3299d2340	ERR4335204
76098284-bd66-4ace-9c8b-99ad7cf11655	ERR4335205
eaa168ae-f2c5-42e9-a9f0-139f04ea030f	ERR4335206
5bea94c3-8d08-4432-9945-f3516a0c2952	ERR4335207
3957abdc-6248-47b3-8e14-14db98c1b45c	ERR4335208
3a1c4e88-b713-45fc-b272-2f32dd568318	ERR4335209
4881a362-9908-4706-a401-71fffea278d8	ERR4335210
caf50153-94f5-4316-bb80-1ebe4848b581	ERR4335211
73a7605a-aae5-4a23-9016-7208440385f6	ERR4335212
f4fafe70-3adb-476f-afcc-a6a8906df369	ERR4335213
08ffabd2-7d0a-4bd3-a8f3-28b7514068dc	ERR4335214
c0a88a53-fc8f-4aec-bbe2-7fd6435db321	ERR4335215
8e701d3d-117c-48ad-81d7-e5e2cdbb66af	ERR4335216
8684c14b-2edb-4244-916e-56336fd7ab3c	ERR4335217
37a14821-58da-4bf9-8d07-e7af0a28d90b	ERR4335218
c00269d4-be70-497c-89f5-29718528e55e	ERR4335219
8336eef5-d17d-4464-a9d0-15a4102960a0	ERR4335220
cb556d04-828f-4ab1-8f39-e993412b8467	ERR4335221
35d0cba7-3427-4eae-8020-be873a848613	ERR4335222
a3f92a86-fb50-48a7-b4f6-1145dc6a1c5c	ERR4335223
1960c81a-d4ff-43ff-bc1f-051ad14b278c	ERR4335224
5a8aa17b-ace9-4bfb-87ac-8338d3f84830	ERR4335225
7602e8c4-a2b6-43e3-acc9-049537740657	ERR4335226
62e1392b-2689-4a6e-8265-3b541a0cbf0d	ERR4335227
4d8b3745-fdeb-4566-93e7-ab25c56929b9	ERR4335228
8f8b7f91-7bd9-49d2-86e4-461ea6194820	ERR4335229
24ecf4ba-0327-4bce-8c2a-407d82b44f53	ERR4335230
169d7f30-87f6-406f-91cd-ede8687ae332	ERR4335231
11e36abd-9ed1-4308-ab61-4e693904b4ce	ERR4335232
06e73042-274b-4efa-a5f2-f9f3252faf6b	ERR4335233
7d2b1982-f806-4e29-9e06-0bb3296bfacc	ERR4335234
a8195a50-b87a-4c36-8740-7df41adbab61	ERR4335235
6591bc59-1b79-4a1e-9387-58ac26768a8a	ERR4335236
88573249-ccbe-4d23-b335-606c91fceafa	ERR4335237
0465c1e9-1a80-4d2e-a5b2-f80505fa1a5d	ERR4335238
ff8148af-b24b-462f-aab1-15e387af6fd8	ERR4335239
6d470270-9069-4885-940f-5e04f52461da	ERR4335240
fbb0efff-16bb-41e1-b497-5af94f461e4e	ERR4335241
8f0a6e0f-b2b7-4f99-b0b1-395cd083d722	ERR4335242
5f8ca357-80c3-4d68-9eba-922933595d33	ERR4335243
a3dc61c7-c742-4782-8cfd-ef79a12fcc36	ERR4335244
aa1fcbde-1855-4166-b90d-c6d1987e3869	ERR4335245
cedcd782-d24f-4d79-8194-6a96a037dbff	ERR4335246
5fede497-0866-424b-b594-b77e5806c9a3	ERR4335247
f4913ddf-aff1-49c5-8167-3bc29bee8012	ERR4335248
222e0f0e-6465-46a1-bea4-2dceef19c0e6	ERR4335249
f20f8afa-4c1e-48ad-b9e9-2c6db97e7952	ERR4335250
5a4853db-fc91-4fb3-b99f-060225e25d30	ERR4335251
3a449c67-f5ec-4633-899b-516acab49654	ERR4335252
865b59c7-b3fd-4475-8564-9a642ae8c05f	ERR4335253
c7f33a28-f3d6-4606-949b-e81e8281cffa	ERR4335254
66f81672-6516-440a-81cf-85c4dc6e5be2	ERR4335255
e3e344f7-0c77-408b-9270-ac5ed09d05be	ERR4335256
21d0c31e-5866-4e79-a257-28adff276bff	ERR4335257
616d83d2-c7eb-4e00-8ef4-c1e2787fae0d	ERR4335258
fe98b6b1-3e89-4425-850e-43614dc8f270	ERR4335259
7892b646-40ea-4e0d-98c4-ccb2e9da5057	ERR4335260
59f0e4f0-bfad-47a2-8d41-becba9fd4d61	ERR4335261
1551c578-5499-4546-b28c-df4fa65750cd	ERR4335262
5f191330-5068-4068-8180-be5cad4fd8a5	ERR4335263
838cf434-a41b-413e-a55d-001cfcdb3262	ERR4335264
0ead2414-55c8-40b1-b3f8-9bdf95ef5087	ERR4335265
05604b41-ba3f-4971-97c0-2c8c35f8e618	ERR4335266
9d558a53-702c-4b4a-8c33-f9e9058f9c20	ERR4335267
f1df748f-3865-420e-bca7-5d88a2d50d89	ERR4335268
3ac2e9d6-2325-4b60-b746-db70c6d6fa66	ERR4335269
a94edbac-c733-4558-9e69-218454ad0140	ERR4335270
34328618-e442-41d6-b87a-ba2985435a92	ERR4335271
710f8f80-c27b-4d6c-b6c9-2990aa419471	ERR4335272
64587f44-adb2-4a73-a1ca-0c4b62017ecc	ERR4335273
397f9db8-a0c4-481b-9197-b460f6099a9f	ERR4335274
28a2f4bc-96a3-45b0-ac1e-2595d4d0c133	ERR4335275
78332baa-5ef2-4d57-9494-5010b4cfa915	ERR4335276
675fb848-e258-416c-b0c8-a653d833d020	ERR4335277
a16b2a98-8424-4031-a134-2d3706f22f56	ERR4335278
fb16fd76-1939-41d1-bb26-2915173b450e	ERR4335279
b98b55a8-3435-4731-b72d-edc41273acd4	ERR4335280
efdf0666-f38b-4850-a9e9-975b7899eb66	ERR4335281
fcb2c8d6-7123-454f-ab8f-b3fd9030faa3	ERR4335282
77884916-a389-4eba-aa4b-9da6828c8f32	ERR4335283
12f43061-3440-4027-ab80-595f0e1e20f3	ERR4335284
4448bbad-4d0c-4ff1-8c33-54d7c4d2d647	ERR4335285
42d43c7d-fc8e-4153-8b9a-9d599ff9ac82	ERR4335286
ef7eea7c-9a85-4743-b717-d7e5dd8fcaf4	ERR4335287
9519cd20-b691-48cd-bd0e-7c1deab09cdc	ERR4335288
f83767bf-a6a8-4ebb-be32-1fad008740d9	ERR4335289
bcb342fa-215b-497b-9785-be48101d71e2	ERR4335290
67c1a888-3400-4f4a-b457-9680ebc9aee9	ERR4335291
7e80c24a-1ca9-4ef5-b380-70a6e6896138	ERR4335292
263f7862-7f43-447b-9984-fd0f58a19a67	ERR4335293
4ac7ab85-acd3-4bb6-ae64-b8dcb4ebb60a	ERR4335294
b6886bc3-1bb4-456b-8da4-7d4647e2cca8	ERR4335295
c013552c-735f-4d7e-9043-cabc5db2f7ce	ERR4335296
9467eae2-6b44-4f9c-9c0d-7ae26bc0fbed	ERR4335297
0b8ae4ff-80a3-4840-860d-6e6c0e51ebdc	ERR4335298
d0ff027b-e3f6-41d3-8ed0-a2fae5372a70	ERR4335299
e4b5d696-08c0-4355-b313-eb7fc0e36c48	ERR4335300
939577a7-44c3-47b9-bc04-2361ef35b712	ERR4335301
654878ff-a29f-4600-96bf-5990066c49ca	ERR4335302
885bcf99-70d8-4f4d-abfe-d6b9ddf54def	ERR4335303
4a2be641-a6ed-4b4d-8662-def953636131	ERR4335304
d38e8c0e-74c3-4de1-8b9d-6e9ba3339531	ERR4335305
acddd599-d78d-44e8-8b97-0ff7f3184792	ERR4335306
f7d811d8-11be-42e4-83ef-3ad5c77eb249	ERR4335307
ac307245-2692-4c5d-b3a3-33a7f8b7b35d	ERR4335308
4123a13d-c01a-45f8-82d3-2c3555ddb259	ERR4335309
dcd76036-e36a-4d80-ad8a-00d4490a678a	ERR4335310
6af6a933-9042-4be9-9292-0ec4826dd441	ERR4335311
ee084599-bca4-4f8c-bc5c-d9becafdef20	ERR4335312
3e4e362b-6807-49c2-ba57-512432c576df	ERR4335313
ebb2ab97-70bc-48e7-8104-00f35afe513f	ERR4335314
24e1f19c-8884-4a0d-88c4-97944fa32c2b	ERR4335315
5ffd200d-55e0-4860-8501-b04682bba346	ERR4335316
03efe6bc-aa86-4796-bd9d-7f53e74c3b9a	ERR4335317
3d9816d2-44a9-4319-887d-fdc45547e38e	ERR4335318
03c22ef5-50a7-49e1-98cf-3efd877a5013	ERR4341661
57edd7cb-0766-42b7-bac0-c2824f420741	ERR4341662
cb2af196-be52-4187-81df-4c30da4469fc	ERR4341663
09f805a3-a451-4fdb-97e3-bf6ebd96bca9	ERR4341664
72cd7df2-6169-4cf3-822c-bf609094a677	ERR4341665
31e281ce-c45d-4898-9d66-bdacdbbb87d6	ERR4341666
91d50152-e0e0-41cb-94e5-8c70ed354a00	ERR4341667
1ab8a158-03b2-4c03-9b1e-3e61ce94fd5d	ERR4341668
c69b3d6e-981d-47fb-9a4e-9a9b8c0a92ab	ERR4341669
618e68bf-78ff-4c78-8d3b-ea35a5c8b2b5	ERR4341670
ebb1e1ae-c073-4ff5-bc7f-ebf0cabc7d6c	ERR4341671
2197d00e-887c-496c-a09a-0f69df0ce98a	ERR4341672
a7b77877-1b65-4add-91be-e5f2d3618f5c	ERR4341673
be0d5ae1-599c-4ccb-a799-931499b44562	ERR4341674
e411c2a0-f01e-4466-ad56-13d50690353a	ERR4341675
c92931e0-ce25-4dfc-9356-4be06205cee6	ERR4341676
9c4ba877-0c15-45cc-b894-45432be892d7	ERR4341677
86c84bfb-a54c-409a-9e80-8e724a147baf	ERR4341678
2fb1859a-d715-44df-af19-59ee27d4f662	ERR4341679
84af9eed-c827-45a6-9c02-6a06c1862189	ERR4341680
59260ae3-993c-4177-909d-7537404134a6	ERR4341681
3f426874-7a2f-4cea-983c-63833591f9d6	ERR4341682
b0c1ec51-d09a-49bd-abce-723f24c76434	ERR4341683
8bc6a804-0c32-44e5-b93c-bca71fc05ee8	ERR4341684
61cd1296-d156-4901-803c-19ad337a3600	ERR4341685
07d2ff38-32c6-46f1-b7f3-730395e7f984	ERR4341686
308f54d6-c8ce-4d70-8197-fab672d81d63	ERR4341687
798e3ba3-06fa-4d7f-8a94-088d2fb27eab	ERR4341688
332c5700-def1-4027-a0ae-1775b0a00700	ERR4341689
ad93f5ff-1b3f-45b7-8d18-cb672152f09b	ERR4341690
fe1c5788-537b-4cff-849c-dce3afaf0d17	ERR4341691
4ac73407-005d-46f5-bf05-33858d6b8382	ERR4341692
f9254be2-bcd9-4385-bcec-dfa03e1e6a32	ERR4341693
0d20c734-991a-4d1a-af28-9147c0aced9c	ERR4341694
f7af5a14-1abb-48bc-9b21-6eb95548034d	ERR4341695
cab70793-53a8-44a8-b15d-8acca3dab72e	ERR4341696
1bb4a282-1bd0-4313-9830-7d3037c7318e	ERR4341697
ab711292-60fc-4e78-917b-bbeee7711699	ERR4341698
a28f8c11-7007-4ca6-9d77-00ff12e8f37f	ERR4341699
78be47ef-4bf2-455b-ad2b-432b2bd7b62b	ERR4341700
40c24c85-0ec5-4ed5-b706-b2d73a4571ad	ERR4341701
a036cf46-49f1-4291-8e63-3b272e903a5f	ERR4341702
929e1ec0-3d6a-402b-b1b6-c3a1551ac87f	ERR4341703
f3c715e7-801b-4d0b-a5ac-8aff703b00b8	ERR4341704
fd0a989a-6a65-463c-b17e-a3634fb5d67d	ERR4341705
7937c064-546e-4c83-a9fe-7879f2bd87f9	ERR4341706
b60998aa-a685-43b3-85aa-92ad3ed357b3	ERR4341707
cf2f1fd4-6378-4add-9951-b3d23f45ec54	ERR4341708
9c34e685-aba9-4789-8591-e12a01d61f52	ERR4341709
74d8960e-570d-4943-83b6-f36820e18740	ERR4341710
b6340c7c-5d74-42e3-a8cc-ebefb09061f9	ERR4341711
689ef046-66df-43d6-9b46-b755036f6a7d	ERR4341712
68212141-9015-4a4c-8d2b-df984b18b2ea	ERR4341713
7155eef4-e0d2-453d-b317-dbe5afcfe248	ERR4341714
2eb661f2-a461-4e06-b227-9a9e85f6504e	ERR4341715
238f9773-0ea8-459b-bb44-f1140c437ed8	ERR4341716
ee146713-6e21-4172-8859-efb6a06a7b40	ERR4341717
8b7587a5-5fa9-496b-bedb-612286c3ccfe	ERR4341718
b4fe4d31-b525-402e-9920-c11c4648141f	ERR4341719
20f0dc4f-b3c6-4982-89f9-1c67fea4c4fe	ERR4341720
d0e1d08a-c0f9-44e7-b807-5b5924c0a9d3	ERR4341721
74496716-3ac6-44b0-be07-d14bd9ccc32e	ERR4341722
4ce471bf-97e4-4f61-a6c7-8a586234e13e	ERR4341723
96bb1c11-9eda-4ad0-a560-342f5d0eb140	ERR4341724
8c5ec922-34c9-4535-8ae0-d9353004c6c0	ERR4341725
ec8f67ff-b032-45f2-9ece-221e8b62beae	ERR4341726
cdcbc6ca-0e48-4706-8871-6720fd78036d	ERR4341727
1051f25d-55f7-4a83-bc85-17fade58ef64	ERR4341728
810075ae-973d-4a18-acc8-c24be671b62f	ERR4341729
644ab0c8-1f1d-4e97-88bd-7a1b96a743c5	ERR4341730
f506479c-9a7f-4aa8-8ac0-ae00b6e0a897	ERR4341731
d4a74098-640a-414b-90c9-dce0b1bafdf1	ERR4341732
4f3e2d41-95e3-4dc3-b9eb-688447d0ad46	ERR4341733
8be67f2d-6e9a-494e-a765-0287a5b2536d	ERR4341734
c11ad78a-fd5b-4baa-99ee-27d78c0c05bc	ERR4341735
9f9a5c59-0480-4538-b8a1-d3362bb143e0	ERR4341736
68bc4c09-7b59-401e-a0ee-49fc38f93707	ERR4341737
2a1dc8cf-b214-42f2-9a11-028c31973a41	ERR4341738
58baf3fd-a3c7-429d-a37b-2b97374af402	ERR4341739
f73b4a31-d7dc-42a1-a9df-22714d5a92ed	ERR4341740
3fc6a9f5-b818-4adf-89f6-add0265b8d28	ERR4341741
207fe193-b332-40a7-9dd9-22f9ddb8fab8	ERR4341742
bb9b5462-fb62-40bb-b6a3-4a2ca3d49687	ERR4341743
d98290f0-48bf-461e-a5bf-3c25e86954e9	ERR4341744
89c684bc-242f-4ec1-87a4-ed275fc04537	ERR4341745
760d5a25-1bfd-46c0-9b4a-164b2cdf25cb	ERR4341746
758a3700-15d1-4b81-9fdb-257a7a8bb1e9	ERR4341747
9020f280-a075-4e22-a981-304843417c03	ERR4341748
92307fb8-9e00-49a7-bf31-e9a72558be1f	ERR4341749
69ee7ab6-2e77-4008-bcb8-f2ea20ba06d0	ERR4341750
7c4ef479-c4e6-4620-9898-cf2631690829	ERR4341751
fa7952f1-4008-4c19-a173-3f4c0729ad4e	ERR4341752
244e50d0-4e04-4beb-a50e-0999ec1cda94	ERR4341753
c15e3f1a-f6bc-4b3f-8330-233feb4286f8	ERR4341754
47fb884e-b7d5-4083-907f-3ba21941113c	ERR4341755
88b14b9c-c301-41b2-80a9-76695cee3e34	ERR4341756
cfb52c29-9977-4cd4-a69a-0034b1039564	ERR4341757
cb0203ce-9cfe-4d97-a4ba-ad07470d0bb4	ERR4341758
cd571598-778b-4306-b244-12c86a84d1a0	ERR4341759
d7066ed4-9fd6-427b-af62-e236d1c8cb16	ERR4341760
0d88eaaf-8f06-41b8-a300-6a5689b48341	ERR4341761
77718338-2bc4-4891-80b5-62622eefbad6	ERR4341762
5ab4cc52-913e-43ad-ace9-60cf4592a845	ERR4341763
7387785d-c3db-4d10-adac-83bca8db4f4d	ERR4341764
dbd1e375-8709-41e6-a16e-e1b33209b90c	ERR4341765
1bf8a4a9-033d-4129-b286-15f199521c2a	ERR4341766
a73f95e6-afa9-45f5-834a-67e2642a9357	ERR4341767
388281f2-0e1b-4c54-b186-f55cb13c54a2	ERR4341768
7633384b-315e-4710-ac20-7b59ce596d2c	ERR4341769
30354150-54c4-401f-9dbd-beb9956bf6f4	ERR4341770
80c29762-cecb-4316-b05e-041f45c4939c	ERR4341771
c0d4781f-4557-4994-b4b8-667360d916fa	ERR4341772
171259cc-6ce3-4762-a46b-2925a668417b	ERR4341773
ce037da2-f8c7-444e-9b85-af81f0b68f67	ERR4341774
5a260d4d-76f6-4336-b1c8-9db3882a31a4	ERR4341775
8a4ca13f-6588-4bd7-abc4-5ff9ee836032	ERR4341776
b4642cee-571f-4732-b22b-a6f7694baacd	ERR4341777
9eab8cda-4428-4745-bff2-0e8ade890a15	ERR4341778
7a3fb33b-3064-4711-aeb0-9296ac8184a7	ERR4341779
43eac3c1-b4e8-4842-92b8-d8bcef72066f	ERR4341780
5cba9d2d-f462-4b98-afb8-5a5667e2744b	ERR4341781
7dba9df9-5800-4041-baf5-d575ba305b4d	ERR4341782
02cfba1a-5ac3-44a2-9486-43d1316b83df	ERR4341783
cc5bc64d-5fa7-489c-bdfd-77fe8ea0fc0a	ERR4341784
e0e86cde-2dfa-48f9-8734-19fcee12ad4b	ERR4341785
d3ba1c36-b636-4085-b3a0-c126e37996c8	ERR4341786
0703bdf2-b77e-4346-bb2b-46e31e1e3e85	ERR4341787
0f68d679-1387-44f0-b85a-df1b89e367a1	ERR4341788
5c9f29bb-7d6c-479d-a705-8a093b24a767	ERR4341789
b885d79b-86be-4e0c-8829-a968ebc1828e	ERR4341790
77690ad2-75e9-41fc-b527-abdf873a89f4	ERR4341791
85d8ea49-679e-42af-9b0d-06914fdc2716	ERR4341792
65d5e1b3-8784-492b-9183-687a5c0c2fb1	ERR4341793
051a4173-c4de-415e-b325-5de25d83ae03	ERR4341794
c289ca84-d548-4642-982c-36b42191a823	ERR4341795
62a41238-f9ad-442b-99c1-417c957fdc39	ERR4341796
3ec710d5-2b63-4635-bd61-77954a893199	ERR4341797
89e91494-f60f-4313-bfe0-d0aff419434c	ERR4341798
db8a715e-ceaa-4df8-90ca-35e6e4a4f0b0	ERR4341799
bccef4b2-36dc-4bb5-ab1b-e668f0dc706f	ERR4341800
e35ebbd7-3c81-4f0e-a03c-5156e8f65f63	ERR4341801
09ad07ec-3198-4f63-a79f-4210b37ed4de	ERR4341802
dcfbf0f1-3c61-44b1-bb0c-59615cb139e7	ERR4341803
7266d2aa-e50e-4207-8414-2b3c1874f165	ERR4341804
d6eb7706-75dc-4a73-a2e5-4b0db9d5e106	ERR4341805
bf24bc04-63fc-4c15-b533-a17aaaf76ad6	ERR4341806
1682a410-3e05-4344-ae7b-5e4f2d9ec167	ERR4341807
8ed64647-bf4b-4ba7-9ba0-4b49c8fe8690	ERR4341808
c7e96cf0-a780-4d90-9f2a-e150a1b834e6	ERR4341809
68917937-470d-4a45-ac6b-2904207cc317	ERR4341810
08612318-b00f-4b4b-a53c-5462473e0f23	ERR4341811
f861124d-9dfc-4e4b-b875-f88a91a59d60	ERR4341812
7bba11b9-94f0-44ec-88f7-14cdbe0e28ba	ERR4341813
63b7cef2-d1e2-46ca-9de7-a2e98a30927f	ERR4341814
05a4d29d-6d33-471a-8977-0bb5bf557e54	ERR4341815
3637be49-1436-45e5-b4f0-75a429a7ae4f	ERR4341816
bb67cc38-608d-4e17-af7f-538b5d13aff1	ERR4341817
71db1ca6-d5e2-49cb-a322-3ce98696bc65	ERR4341818
d55d2d72-4925-4ce2-87a8-2d9d556195ca	ERR4341819
3d9b03e8-9c84-4f33-bc8b-712c5a9ea7f1	ERR4341820
5f62f68d-3acd-4904-897d-59bbf5ac2783	ERR4341821
68e19a32-67a2-4b58-b693-b653ecb28d9b	ERR4341822
8833252a-c42c-41b6-9341-e811da134dd8	ERR4341823
e2765f21-9c33-4865-a4e8-a2f6c3d2ff13	ERR4341824
4d9b66a5-d023-4b4e-b9bf-4d5f5cdb1b07	ERR4341825
9c507868-43fb-469a-9fbb-c14ee4180200	ERR4341826
ebda94c4-9a73-4837-9251-eca26f9c798e	ERR4341827
f789762d-223b-45c4-9551-031f570bc051	ERR4341828
66ec490d-290b-46c1-8140-655cacf2e908	ERR4341829
49c682fd-04c6-4d8d-bece-dbaedb40701f	ERR4341830
7607bdd7-c9aa-4cf7-bca8-ed3179be0cb8	ERR4341831
019a74a1-ab20-4084-80fc-fb9fd442995d	ERR4341832
0995ee20-b1bb-4c88-bf81-5216e9e80f7c	ERR4341833
6897e4e7-c68a-425a-b2aa-875b60abac95	ERR4341834
979ca6bd-feeb-4920-8d00-a3f11a0f3f7b	ERR4341835
61c30e05-3b4d-4ee0-a268-f4abbd51f0cd	ERR4341836
44398ba9-c88e-45d4-a411-c7f6a21b0e76	ERR4341837
17a0c696-dd8f-443c-bdc1-3117d5c07a60	ERR4341838
b3e385aa-5676-4392-a33a-3b289c5db652	ERR4341839
2b1c78fb-44fc-4bf3-b570-2822df974d7d	ERR4341840
c531e627-44e9-48ca-a859-c2d53ebef6fc	ERR4341841
14863bb2-15c5-4fd0-aa9a-b3f11e4461f8	ERR4341842
f58deff4-eba0-4fcc-8c6d-115e4eab4355	ERR4341843
4dbed823-5d13-49ec-b45b-47ff4a25b816	ERR4341844
89edf31e-95a6-4799-a5b6-862477f8622a	ERR4341845
018e8265-3f8b-4458-bf38-58439ae61df5	ERR4341846
29c6cf7c-4aaa-4669-9364-37c3d4317327	ERR4341847
ae8a9623-b3d0-46dd-b16b-a1efbd93b938	ERR4341848
6680acc4-0f6f-4e4d-b420-ef94a99302ef	ERR4341849
ce7950ee-b536-436c-baf4-e5ae8f8019d2	ERR4341850
c9e6af8b-4bfc-4a07-96af-ca1c1f961b33	ERR4341851
da6a8cdc-9140-46ce-8bb7-852eab3fb287	ERR4341852
21f3f9a2-ac63-4daa-9507-95f666ccf743	ERR4341853
5202de31-04d7-482b-9602-002720ef9d56	ERR4341854
6d7fec97-41ff-42c0-9333-c3069afeef2a	ERR4341855
37236ea0-666e-46b4-a567-4775375acefd	ERR4341856
fa5e22ba-6d17-4490-b9ba-a7a94fb9a58c	ERR4341857
aad79050-0eba-430b-bf69-52e7384cd584	ERR4341858
d79a448b-37df-4268-a7df-aa808eb80883	ERR4341859
56b6aafe-2fa5-4c28-b594-d6428d7e4211	ERR4341860
281df2c7-4013-4b1c-a4d7-0cc8024c8d7c	ERR4341861
836b5923-852d-4810-9ceb-7748cb67dc87	ERR4341862
c6d68f50-63de-44bb-89f1-8c57ae0d8971	ERR4341863
f1c76922-b20c-4f87-aa92-6e2dbcd40f64	ERR4341864
18991853-6b9b-48bb-8ea5-12a4121b69c7	ERR4341865
ff06921a-c05c-439c-b93c-b0dec0381653	ERR4341866
91ea326c-5af4-4fe1-8e77-5c94c50b41fb	ERR4341867
50fee55d-1a94-4d00-8e54-8cded92ecab0	ERR4341868
81caa53f-b45b-4304-ac7c-3355e251fe9b	ERR4341869
ce9d1044-f734-46e3-9862-c0d93d79ab52	ERR4341870
efbd7488-af23-4d04-95b3-475124578d6b	ERR4341871
ef7e2eb4-5bf3-4bc6-8e4e-add7e8065b37	ERR4341872
c8485d9b-7b20-4074-bd60-b5666b996f3a	ERR4341873
34d8c151-6e0a-45d8-ba88-8484b81a33fa	ERR4341874
d2e28e86-0fd6-4134-a680-d58ad7dcdf92	ERR4341875
00cd1c89-a906-4b6d-8976-d11830b71420	ERR4341876
caa4c254-6db5-4166-8334-22c7c8d2eb68	ERR4341877
a7e399ba-957d-4309-827b-f279ad476e1e	ERR4341878
2dc5c291-b79c-48f8-a9bf-947063c19fd4	ERR4341879
ff06a0c5-915e-4f0c-9866-eb686e788fa5	ERR4341880
963371cc-eb8e-41e7-b00f-262418bb9f83	ERR4341881
85064d3a-03dd-4f99-a3b5-1c00a1e6de22	ERR4341882
e952ed80-35bc-4fdf-a2ba-92f711b16537	ERR4341883
1ebd45c2-263c-4512-b8c9-37fe804ead5c	ERR4341884
51c7164a-2762-4dc5-8329-42a8f15c1b79	ERR4341885
e0edd6fd-061e-4478-8698-7fa15200fb85	ERR4341886
fb831e4a-0d01-4a25-9588-11dd4cf40bc4	ERR4341887
d7cf585b-a4cc-448a-97d4-bd4b8e9fadea	ERR4341888
414bd77b-2112-4f93-ba40-63ec52e75190	ERR4341889
d8bf7854-c1ac-486c-a8eb-1d8b8f978e79	ERR4341890
4515ed11-0fdc-405b-a625-7158a2090403	ERR4341891
32fac09a-5710-49c9-8b7c-affbc2ea5a42	ERR4341892
515d7e61-a81b-4e9b-a560-741fd6a3b8da	ERR4341893
9feaf048-6b7a-4703-b3bb-2e7ce15f24c0	ERR4341894
f1b73b44-ef1f-4987-a071-66c8a3bab284	ERR4341895
56a26c56-7a5b-4427-b5e0-45358ba3b391	ERR4341896
cbba1b18-3a5e-473f-831e-6a9d194c02a5	ERR4341897
ed0a0df0-01c1-4e4e-ae01-5eca4ba40c38	ERR4341898
37903cfd-6907-4718-86b5-909387e46bc4	ERR4341899
8ef8f883-d1f3-47f0-8761-c5bb7e8e62d5	ERR4341900
154e2314-70fd-43de-b2d5-49226e302d34	ERR4341901
f752c388-9811-465d-b650-d9e7d5f5d658	ERR4341902
98ab26b5-49e4-4e7f-ad89-360976dfbf31	ERR4341903
dc4adef0-2b06-41d3-aed3-9db3328a6eac	ERR4341904
dfa82314-0878-465d-b0d2-583e67497ae4	ERR4341905
6788546d-e7e7-4deb-a667-be9509553e05	ERR4341906
d5cf5ff7-088e-4116-a8ee-5aaa1b141174	ERR4341907
c46f5e42-a101-433b-bfe3-c2da53f2411c	ERR4341908
1edc742f-bf28-4a59-b601-c2a490d90a53	ERR4341909
c897d4b6-587e-4e7b-8bdc-26016b5f9dae	ERR4341910
bb175433-1019-4c34-921a-03649649bd85	ERR4341911
f27b8cfa-1363-4ed6-af19-ec2b9dda228e	ERR4341912
d6b99b87-5a6f-43ba-a52c-00e56db1e43e	ERR4341913
c3f8241a-6869-4f3e-9e0e-7a8479390346	ERR4341914
3d176f09-6f18-4300-b12d-aa81793ee953	ERR4341915
19f5aecb-662a-4830-9437-17635cf5f85a	ERR4341916
6452fe70-c3fe-4fb5-837f-47925ef80cf4	ERR4341917
e31af590-5fd2-45fb-af0f-38fe4f1477db	ERR4341918
e0ec1f87-ad38-4ef9-aa8c-4b856db7e021	ERR4341919
8e2c2788-6408-445c-b53f-fe696fed7277	ERR4341920
5fdac5b4-81b0-4a00-abc5-857359d6d34a	ERR4341921
0f8f7b9d-5889-42d4-8be9-0ff21d243ddd	ERR4341922
ffef6f5b-4302-4c24-8450-2609f2078016	ERR4341923
c60c3e66-dd23-4f0c-82f5-5acb00091fa2	ERR4341924
b15ed722-bb51-4311-9406-af9a5547a37d	ERR4341925
659da467-90c9-4453-a820-2acb406d705b	ERR4341926
7b543539-5ef9-4037-a0dd-4fea6f50bfb1	ERR4341927
bc4f387f-7f43-49f6-aa50-c136bd5deb95	ERR4341928
61df7d3f-590f-407f-a97b-bb655ffa4511	ERR4341929
faca2dab-dd11-4da7-af6c-6b7b4e297e4a	ERR4341930
e45a002d-4c41-486e-943b-a8f14ec20df1	ERR4341931
75af5d61-d2c8-4894-9922-1e112717e3d3	ERR4341932
1edba42a-180b-4aee-a60d-0f0775264040	ERR4341933
e9d6bb0e-5d74-4e39-8eb6-8ddabf505825	ERR4341934
a36be983-f65f-4a63-8af2-6fd48718eaa8	ERR4341935
950f6dde-08d4-4390-ab29-4ffd57bf6852	ERR4341936
9ef3fad9-5c13-4d04-a498-e649e31b4543	ERR4341937
ec568e8b-221c-4979-8aaf-d419c1b70d6c	ERR4341938
04559209-d7ae-41ed-af89-11e4f094b204	ERR4341939
e0527760-043e-49cb-9b77-7f0de8e000d8	ERR4341940
1e2e424a-5fc6-4479-a191-de175ae152df	ERR4341941
0f85b58d-2742-42d2-8fc0-0635e87a0354	ERR4341942
56a04d13-4236-4295-8047-37d0b3bacdce	ERR4341943
6917c337-260e-4871-8f7f-bf71477a8115	ERR4341944
cc63e308-1104-49d6-b01f-361c5d9750af	ERR4341945
46d5f754-15dd-4107-90a3-bf662345dd71	ERR4341946
1029ca70-84a4-433d-95e9-02a9e52c034b	ERR4341947
3ee2c80c-4d09-4766-bce1-0d082e905d82	ERR4341948
209e9bc3-1958-4d19-80ed-346a0122168a	ERR4341949
5b734b19-3a46-4cc4-bbf8-9b242cf33d9e	ERR4341950
8f05d197-52dc-4347-b346-e654d8348505	ERR4341951
b6a6a17c-16d0-4f4e-8551-c651bd96aa91	ERR4341952
ecf04b4c-4e72-4d43-8833-fd4ccc0bb8a7	ERR4341953
5cca8f7f-c051-4f1e-9a13-bcce4fca7c0c	ERR4341954
2763a33d-adad-4c84-9ab9-1a24ae17465d	ERR4341955
83c0e897-d3f4-41c1-8af1-0daf16ca386a	ERR4341956
54207be2-6070-4e05-b8e5-c5d3e8e8d76a	ERR4341957
5fa12976-0453-4a08-8a1b-c3f0d7309a7b	ERR4341958
6de09775-8b1b-4989-9c37-484b783efcf6	ERR4341959
